index,RPT,総合ランク,Web_複勝期待値_レンジ,試行回数,複勝的中数,複勝投資額,複勝払戻額,複勝的中率(%),複勝回収率(%),単勝的中数,単勝投資額,単勝払戻額,単勝的中率(%),単勝回収率(%)
0,1,SSS,"[0.75, 0.8)",2,1,200,110,50,55,1,200,150,50,75
1,1,SS,"[0.8, 0.85)",7,6,700,670,85.71428571,95.71428571,4,700,720,57.14285714,102.8571429
2,1,SS,"[0.9, 0.95)",2,2,200,260,100,130,1,200,290,50,145
3,1,SS,"[1.05, 1.1)",1,0,100,0,0,0,0,100,0,0,0
4,1,S,"[0.5, 0.75)",5,2,500,250,40,50,2,500,550,40,110
5,1,S,"[0.75, 0.8)",7,5,700,680,71.42857143,97.14285714,3,700,690,42.85714286,98.57142857
6,1,S,"[0.8, 0.85)",11,9,1100,1020,81.81818182,92.72727273,3,1100,540,27.27272727,49.09090909
7,1,S,"[0.85, 0.9)",17,9,1700,1320,52.94117647,77.64705882,4,1700,1240,23.52941176,72.94117647
8,1,S,"[0.9, 0.95)",6,3,600,490,50,81.66666667,1,600,190,16.66666667,31.66666667
9,1,S,"[0.95, 1.0)",2,2,200,290,100,145,0,200,0,0,0
10,1,AA,"[0.5, 0.75)",1,1,100,140,100,140,1,100,300,100,300
11,1,AA,"[0.75, 0.8)",1,0,100,0,0,0,0,100,0,0,0
12,1,AA,"[0.8, 0.85)",2,0,200,0,0,0,0,200,0,0,0
13,1,AA,"[0.85, 0.9)",7,5,700,680,71.42857143,97.14285714,1,700,300,14.28571429,42.85714286
14,1,AA,"[0.9, 0.95)",1,0,100,0,0,0,0,100,0,0,0
15,1,AA,"[0.95, 1.0)",3,2,300,350,66.66666667,116.6666667,1,300,460,33.33333333,153.3333333
16,1,AA,"[2.0, 100.0)",2,1,200,170,50,85,1,200,430,50,215
17,1,A,"[0.25, 0.5)",2,0,200,0,0,0,0,200,0,0,0
18,1,A,"[0.5, 0.75)",24,7,2400,1270,29.16666667,52.91666667,3,2400,1920,12.5,80
19,1,A,"[0.75, 0.8)",13,5,1300,700,38.46153846,53.84615385,2,1300,700,15.38461538,53.84615385
20,1,A,"[0.8, 0.85)",21,10,2100,1660,47.61904762,79.04761905,2,2100,580,9.523809524,27.61904762
21,1,A,"[0.85, 0.9)",21,11,2100,1740,52.38095238,82.85714286,6,2100,2030,28.57142857,96.66666667
22,1,A,"[0.9, 0.95)",7,3,700,490,42.85714286,70,1,700,180,14.28571429,25.71428571
23,1,A,"[0.95, 1.0)",4,1,400,310,25,77.5,1,400,1440,25,360
24,1,A,"[1.0, 1.05)",3,0,300,0,0,0,0,300,0,0,0
25,1,A,"[1.1, 1.15)",2,0,200,0,0,0,0,200,0,0,0
26,1,A,"[1.2, 1.4)",1,0,100,0,0,0,0,100,0,0,0
27,1,A,"[1.4, 1.6)",1,1,100,320,100,320,1,100,780,100,780
28,1,A,"[1.6, 1.8)",1,0,100,0,0,0,0,100,0,0,0
29,1,A,"[2.0, 100.0)",2,0,200,0,0,0,0,200,0,0,0
30,1,B,"[0.0, 0.25)",2,1,200,200,50,100,0,200,0,0,0
31,1,B,"[0.25, 0.5)",1,0,100,0,0,0,0,100,0,0,0
32,1,B,"[0.5, 0.75)",41,14,4100,3230,34.14634146,78.7804878,4,4100,1950,9.756097561,47.56097561
33,1,B,"[0.75, 0.8)",23,12,2300,2700,52.17391304,117.3913043,5,2300,2640,21.73913043,114.7826087
34,1,B,"[0.8, 0.85)",35,11,3500,2080,31.42857143,59.42857143,6,3500,2770,17.14285714,79.14285714
35,1,B,"[0.85, 0.9)",22,11,2200,1870,50,85,3,2200,970,13.63636364,44.09090909
36,1,B,"[0.9, 0.95)",28,15,2800,3080,53.57142857,110,8,2800,3750,28.57142857,133.9285714
37,1,B,"[0.95, 1.0)",14,5,1400,1170,35.71428571,83.57142857,1,1400,340,7.142857143,24.28571429
38,1,B,"[1.0, 1.05)",4,1,400,240,25,60,0,400,0,0,0
39,1,B,"[1.05, 1.1)",2,1,200,250,50,125,0,200,0,0,0
40,1,B,"[1.15, 1.2)",1,0,100,0,0,0,0,100,0,0,0
41,1,B,"[2.0, 100.0)",2,0,200,0,0,0,0,200,0,0,0
42,1,C,"[0.0, 0.25)",4,0,400,0,0,0,0,400,0,0,0
43,1,C,"[0.5, 0.75)",98,32,9800,6470,32.65306122,66.02040816,11,9800,8240,11.2244898,84.08163265
44,1,C,"[0.75, 0.8)",35,14,3500,3120,40,89.14285714,1,3500,780,2.857142857,22.28571429
45,1,C,"[0.8, 0.85)",34,10,3400,2030,29.41176471,59.70588235,2,3400,1110,5.882352941,32.64705882
46,1,C,"[0.85, 0.9)",29,15,2900,3480,51.72413793,120,5,2900,2580,17.24137931,88.96551724
47,1,C,"[0.9, 0.95)",35,17,3500,5470,48.57142857,156.2857143,9,3500,8070,25.71428571,230.5714286
48,1,C,"[0.95, 1.0)",19,6,1900,1710,31.57894737,90,3,1900,2090,15.78947368,110
49,1,C,"[1.0, 1.05)",14,2,1400,580,14.28571429,41.42857143,0,1400,0,0,0
50,1,C,"[1.05, 1.1)",6,2,600,740,33.33333333,123.3333333,1,600,1270,16.66666667,211.6666667
51,1,C,"[1.1, 1.15)",6,1,600,360,16.66666667,60,0,600,0,0,0
52,1,C,"[1.15, 1.2)",4,2,400,750,50,187.5,0,400,0,0,0
53,1,C,"[1.2, 1.4)",10,4,1000,1970,40,197,1,1000,1830,10,183
54,1,C,"[1.4, 1.6)",2,0,200,0,0,0,0,200,0,0,0
55,1,C,"[1.6, 1.8)",2,0,200,0,0,0,0,200,0,0,0
56,1,C,"[2.0, 100.0)",6,3,600,800,50,133.3333333,0,600,0,0,0
57,1,D,"[0.0, 0.25)",6,4,600,1070,66.66666667,178.3333333,3,600,1860,50,310
58,1,D,"[0.25, 0.5)",11,3,1100,1790,27.27272727,162.7272727,0,1100,0,0,0
59,1,D,"[0.5, 0.75)",146,48,14600,14470,32.87671233,99.10958904,15,14600,15790,10.2739726,108.1506849
60,1,D,"[0.75, 0.8)",46,10,4600,2580,21.73913043,56.08695652,2,4600,1150,4.347826087,25
61,1,D,"[0.8, 0.85)",42,6,4200,2160,14.28571429,51.42857143,0,4200,0,0,0
62,1,D,"[0.85, 0.9)",47,10,4700,3040,21.27659574,64.68085106,2,4700,1250,4.255319149,26.59574468
63,1,D,"[0.9, 0.95)",22,5,2200,1650,22.72727273,75,2,2200,1420,9.090909091,64.54545455
64,1,D,"[0.95, 1.0)",18,4,1800,1420,22.22222222,78.88888889,2,1800,1620,11.11111111,90
65,1,D,"[1.0, 1.05)",17,3,1700,1170,17.64705882,68.82352941,0,1700,0,0,0
66,1,D,"[1.05, 1.1)",11,1,1100,720,9.090909091,65.45454545,1,1100,2850,9.090909091,259.0909091
67,1,D,"[1.1, 1.15)",8,2,800,1320,25,165,0,800,0,0,0
68,1,D,"[1.15, 1.2)",8,2,800,550,25,68.75,1,800,650,12.5,81.25
69,1,D,"[1.2, 1.4)",10,2,1000,1260,20,126,0,1000,0,0,0
70,1,D,"[1.4, 1.6)",1,0,100,0,0,0,0,100,0,0,0
71,1,D,"[2.0, 100.0)",8,0,800,0,0,0,0,800,0,0,0
72,1,E,"[0.0, 0.25)",9,1,900,170,11.11111111,18.88888889,0,900,0,0,0
73,1,E,"[0.25, 0.5)",9,1,900,310,11.11111111,34.44444444,1,900,1810,11.11111111,201.1111111
74,1,E,"[0.5, 0.75)",103,19,10300,8960,18.44660194,86.99029126,7,10300,16000,6.796116505,155.3398058
75,1,E,"[0.75, 0.8)",48,12,4800,4800,25,100,4,4800,10650,8.333333333,221.875
76,1,E,"[0.8, 0.85)",64,13,6400,6270,20.3125,97.96875,2,6400,8000,3.125,125
77,1,E,"[0.85, 0.9)",43,8,4300,3110,18.60465116,72.3255814,3,4300,2690,6.976744186,62.55813953
78,1,E,"[0.9, 0.95)",56,8,5600,3190,14.28571429,56.96428571,3,5600,3720,5.357142857,66.42857143
79,1,E,"[0.95, 1.0)",39,7,3900,3000,17.94871795,76.92307692,2,3900,1750,5.128205128,44.87179487
80,1,E,"[1.0, 1.05)",36,7,3600,3440,19.44444444,95.55555556,4,3600,8790,11.11111111,244.1666667
81,1,E,"[1.05, 1.1)",27,4,2700,1900,14.81481481,70.37037037,0,2700,0,0,0
82,1,E,"[1.1, 1.15)",19,2,1900,1080,10.52631579,56.84210526,1,1900,2310,5.263157895,121.5789474
83,1,E,"[1.15, 1.2)",17,4,1700,3590,23.52941176,211.1764706,0,1700,0,0,0
84,1,E,"[1.2, 1.4)",32,5,3200,2890,15.625,90.3125,2,3200,4570,6.25,142.8125
85,1,E,"[1.4, 1.6)",10,1,1000,660,10,66,0,1000,0,0,0
86,1,E,"[1.6, 1.8)",3,0,300,0,0,0,0,300,0,0,0
87,1,E,"[2.0, 100.0)",9,1,900,310,11.11111111,34.44444444,1,900,950,11.11111111,105.5555556
88,1,F,"[0.0, 0.25)",26,2,2600,1250,7.692307692,48.07692308,0,2600,0,0,0
89,1,F,"[0.25, 0.5)",115,5,11500,8240,4.347826087,71.65217391,1,11500,12350,0.869565217,107.3913043
90,1,F,"[0.5, 0.75)",240,17,24000,16240,7.083333333,67.66666667,4,24000,26690,1.666666667,111.2083333
91,1,F,"[0.75, 0.8)",47,6,4700,4620,12.76595745,98.29787234,3,4700,9480,6.382978723,201.7021277
92,1,F,"[0.8, 0.85)",48,7,4800,4310,14.58333333,89.79166667,3,4800,7110,6.25,148.125
93,1,F,"[0.85, 0.9)",40,5,4000,5420,12.5,135.5,0,4000,0,0,0
94,1,F,"[0.9, 0.95)",30,6,3000,3250,20,108.3333333,1,3000,1810,3.333333333,60.33333333
95,1,F,"[0.95, 1.0)",26,2,2600,1110,7.692307692,42.69230769,1,2600,4940,3.846153846,190
96,1,F,"[1.0, 1.05)",24,2,2400,1220,8.333333333,50.83333333,1,2400,4880,4.166666667,203.3333333
97,1,F,"[1.05, 1.1)",30,2,3000,2850,6.666666667,95,1,3000,9910,3.333333333,330.3333333
98,1,F,"[1.1, 1.15)",11,1,1100,850,9.090909091,77.27272727,1,1100,2390,9.090909091,217.2727273
99,1,F,"[1.15, 1.2)",7,0,700,0,0,0,0,700,0,0,0
100,1,F,"[1.2, 1.4)",19,1,1900,680,5.263157895,35.78947368,0,1900,0,0,0
101,1,F,"[1.4, 1.6)",9,1,900,420,11.11111111,46.66666667,0,900,0,0,0
102,1,F,"[1.6, 1.8)",6,1,600,370,16.66666667,61.66666667,0,600,0,0,0
103,1,F,"[1.8, 2.0)",1,0,100,0,0,0,0,100,0,0,0
104,1,F,"[2.0, 100.0)",4,1,400,310,25,77.5,0,400,0,0,0
105,1,G,"[0.0, 0.25)",48,4,4800,7350,8.333333333,153.125,1,4800,10360,2.083333333,215.8333333
106,1,G,"[0.25, 0.5)",194,5,19400,12800,2.577319588,65.97938144,3,19400,46130,1.546391753,237.7835052
107,1,G,"[0.5, 0.75)",132,4,13200,3070,3.03030303,23.25757576,0,13200,0,0,0
108,1,G,"[0.75, 0.8)",19,0,1900,0,0,0,0,1900,0,0,0
109,1,G,"[0.8, 0.85)",18,2,1800,2470,11.11111111,137.2222222,0,1800,0,0,0
110,1,G,"[0.85, 0.9)",14,2,1400,3060,14.28571429,218.5714286,2,1400,11640,14.28571429,831.4285714
111,1,G,"[0.9, 0.95)",9,1,900,690,11.11111111,76.66666667,0,900,0,0,0
112,1,G,"[0.95, 1.0)",11,0,1100,0,0,0,0,1100,0,0,0
113,1,G,"[1.0, 1.05)",7,0,700,0,0,0,0,700,0,0,0
114,1,G,"[1.05, 1.1)",4,0,400,0,0,0,0,400,0,0,0
115,1,G,"[1.1, 1.15)",2,0,200,0,0,0,0,200,0,0,0
116,1,G,"[1.15, 1.2)",3,1,300,280,33.33333333,93.33333333,0,300,0,0,0
117,1,G,"[1.2, 1.4)",4,0,400,0,0,0,0,400,0,0,0
118,1,G,"[1.4, 1.6)",5,0,500,0,0,0,0,500,0,0,0
119,1,G,"[1.6, 1.8)",1,0,100,0,0,0,0,100,0,0,0
120,1,G,"[2.0, 100.0)",1,0,100,0,0,0,0,100,0,0,0
121,2,SSS,"[0.9, 0.95)",1,1,100,140,100,140,0,100,0,0,0
122,2,SSS,"[1.0, 1.05)",1,0,100,0,0,0,0,100,0,0,0
123,2,SS,"[0.75, 0.8)",1,0,100,0,0,0,0,100,0,0,0
124,2,SS,"[0.8, 0.85)",2,1,200,120,50,60,1,200,220,50,110
125,2,SS,"[0.9, 0.95)",3,1,300,170,33.33333333,56.66666667,1,300,360,33.33333333,120
126,2,S,"[0.5, 0.75)",10,6,1000,760,60,76,2,1000,630,20,63
127,2,S,"[0.75, 0.8)",13,9,1300,1270,69.23076923,97.69230769,5,1300,1790,38.46153846,137.6923077
128,2,S,"[0.8, 0.85)",4,4,400,450,100,112.5,2,400,360,50,90
129,2,S,"[0.85, 0.9)",17,14,1700,2130,82.35294118,125.2941176,5,1700,1500,29.41176471,88.23529412
130,2,S,"[0.9, 0.95)",10,5,1000,880,50,88,4,1000,1600,40,160
131,2,S,"[0.95, 1.0)",2,0,200,0,0,0,0,200,0,0,0
132,2,S,"[1.0, 1.05)",1,1,100,180,100,180,0,100,0,0,0
133,2,S,"[1.2, 1.4)",1,1,100,150,100,150,0,100,0,0,0
134,2,S,"[2.0, 100.0)",2,1,200,120,50,60,1,200,220,50,110
135,2,AA,"[0.5, 0.75)",3,3,300,390,100,130,1,300,300,33.33333333,100
136,2,AA,"[0.75, 0.8)",7,5,700,780,71.42857143,111.4285714,3,700,940,42.85714286,134.2857143
137,2,AA,"[0.8, 0.85)",3,1,300,160,33.33333333,53.33333333,0,300,0,0,0
138,2,AA,"[0.85, 0.9)",7,4,700,510,57.14285714,72.85714286,2,700,480,28.57142857,68.57142857
139,2,AA,"[0.9, 0.95)",3,1,300,190,33.33333333,63.33333333,0,300,0,0,0
140,2,AA,"[0.95, 1.0)",3,1,300,180,33.33333333,60,1,300,410,33.33333333,136.6666667
141,2,A,"[0.0, 0.25)",1,0,100,0,0,0,0,100,0,0,0
142,2,A,"[0.25, 0.5)",2,1,200,320,50,160,0,200,0,0,0
143,2,A,"[0.5, 0.75)",53,24,5300,3690,45.28301887,69.62264151,6,5300,1490,11.32075472,28.11320755
144,2,A,"[0.75, 0.8)",29,18,2900,2860,62.06896552,98.62068966,8,2900,3270,27.5862069,112.7586207
145,2,A,"[0.8, 0.85)",51,23,5100,3960,45.09803922,77.64705882,10,5100,3860,19.60784314,75.68627451
146,2,A,"[0.85, 0.9)",33,17,3300,2940,51.51515152,89.09090909,7,3300,3220,21.21212121,97.57575758
147,2,A,"[0.9, 0.95)",12,3,1200,560,25,46.66666667,1,1200,470,8.333333333,39.16666667
148,2,A,"[0.95, 1.0)",9,2,900,320,22.22222222,35.55555556,2,900,670,22.22222222,74.44444444
149,2,A,"[1.0, 1.05)",4,4,400,760,100,190,2,400,890,50,222.5
150,2,A,"[1.05, 1.1)",1,0,100,0,0,0,0,100,0,0,0
151,2,A,"[1.1, 1.15)",1,0,100,0,0,0,0,100,0,0,0
152,2,A,"[1.15, 1.2)",2,0,200,0,0,0,0,200,0,0,0
153,2,A,"[1.4, 1.6)",1,0,100,0,0,0,0,100,0,0,0
154,2,A,"[1.8, 2.0)",1,1,100,120,100,120,1,100,250,100,250
155,2,A,"[2.0, 100.0)",8,4,800,650,50,81.25,1,800,290,12.5,36.25
156,2,B,"[0.0, 0.25)",8,5,800,1020,62.5,127.5,1,800,1360,12.5,170
157,2,B,"[0.25, 0.5)",2,0,200,0,0,0,0,200,0,0,0
158,2,B,"[0.5, 0.75)",69,31,6900,5730,44.92753623,83.04347826,10,6900,6170,14.49275362,89.42028986
159,2,B,"[0.75, 0.8)",38,15,3800,3390,39.47368421,89.21052632,6,3800,4200,15.78947368,110.5263158
160,2,B,"[0.8, 0.85)",64,35,6400,6160,54.6875,96.25,11,6400,5350,17.1875,83.59375
161,2,B,"[0.85, 0.9)",72,38,7200,7330,52.77777778,101.8055556,16,7200,8140,22.22222222,113.0555556
162,2,B,"[0.9, 0.95)",32,15,3200,2850,46.875,89.0625,7,3200,3380,21.875,105.625
163,2,B,"[0.95, 1.0)",22,9,2200,1840,40.90909091,83.63636364,2,2200,890,9.090909091,40.45454545
164,2,B,"[1.0, 1.05)",9,2,900,450,22.22222222,50,1,900,480,11.11111111,53.33333333
165,2,B,"[1.05, 1.1)",6,4,600,990,66.66666667,165,0,600,0,0,0
166,2,B,"[1.1, 1.15)",3,2,300,510,66.66666667,170,0,300,0,0,0
167,2,B,"[1.15, 1.2)",1,0,100,0,0,0,0,100,0,0,0
168,2,B,"[1.2, 1.4)",3,2,300,500,66.66666667,166.6666667,1,300,550,33.33333333,183.3333333
169,2,B,"[1.8, 2.0)",1,1,100,170,100,170,0,100,0,0,0
170,2,B,"[2.0, 100.0)",6,2,600,340,33.33333333,56.66666667,0,600,0,0,0
171,2,C,"[0.0, 0.25)",5,2,500,470,40,94,0,500,0,0,0
172,2,C,"[0.25, 0.5)",5,2,500,510,40,102,0,500,0,0,0
173,2,C,"[0.5, 0.75)",138,53,13800,10290,38.4057971,74.56521739,14,13800,7630,10.14492754,55.28985507
174,2,C,"[0.75, 0.8)",95,34,9500,7230,35.78947368,76.10526316,11,9500,6120,11.57894737,64.42105263
175,2,C,"[0.8, 0.85)",61,18,6100,3980,29.50819672,65.24590164,6,6100,3580,9.836065574,58.68852459
176,2,C,"[0.85, 0.9)",45,10,4500,2020,22.22222222,44.88888889,4,4500,1950,8.888888889,43.33333333
177,2,C,"[0.9, 0.95)",44,15,4400,3720,34.09090909,84.54545455,4,4400,3270,9.090909091,74.31818182
178,2,C,"[0.95, 1.0)",27,7,2700,1560,25.92592593,57.77777778,4,2700,2660,14.81481481,98.51851852
179,2,C,"[1.0, 1.05)",18,2,1800,520,11.11111111,28.88888889,0,1800,0,0,0
180,2,C,"[1.05, 1.1)",3,0,300,0,0,0,0,300,0,0,0
181,2,C,"[1.1, 1.15)",12,2,1200,780,16.66666667,65,1,1200,1010,8.333333333,84.16666667
182,2,C,"[1.15, 1.2)",2,0,200,0,0,0,0,200,0,0,0
183,2,C,"[1.2, 1.4)",8,2,800,980,25,122.5,0,800,0,0,0
184,2,C,"[1.4, 1.6)",2,0,200,0,0,0,0,200,0,0,0
185,2,C,"[1.6, 1.8)",2,1,200,740,50,370,0,200,0,0,0
186,2,C,"[1.8, 2.0)",1,0,100,0,0,0,0,100,0,0,0
187,2,C,"[2.0, 100.0)",9,2,900,340,22.22222222,37.77777778,1,900,580,11.11111111,64.44444444
188,2,D,"[0.0, 0.25)",5,0,500,0,0,0,0,500,0,0,0
189,2,D,"[0.25, 0.5)",13,3,1300,670,23.07692308,51.53846154,2,1300,1590,15.38461538,122.3076923
190,2,D,"[0.5, 0.75)",182,51,18200,11460,28.02197802,62.96703297,19,18200,14430,10.43956044,79.28571429
191,2,D,"[0.75, 0.8)",84,18,8400,4620,21.42857143,55,7,8400,7520,8.333333333,89.52380952
192,2,D,"[0.8, 0.85)",54,13,5400,4590,24.07407407,85,3,5400,3190,5.555555556,59.07407407
193,2,D,"[0.85, 0.9)",63,13,6300,3800,20.63492063,60.31746032,8,6300,6240,12.6984127,99.04761905
194,2,D,"[0.9, 0.95)",31,4,3100,1850,12.90322581,59.67741935,1,3100,1010,3.225806452,32.58064516
195,2,D,"[0.95, 1.0)",29,6,2900,2670,20.68965517,92.06896552,3,2900,5010,10.34482759,172.7586207
196,2,D,"[1.0, 1.05)",14,3,1400,790,21.42857143,56.42857143,2,1400,1710,14.28571429,122.1428571
197,2,D,"[1.05, 1.1)",14,1,1400,440,7.142857143,31.42857143,1,1400,1360,7.142857143,97.14285714
198,2,D,"[1.1, 1.15)",12,2,1200,1350,16.66666667,112.5,0,1200,0,0,0
199,2,D,"[1.15, 1.2)",7,1,700,680,14.28571429,97.14285714,0,700,0,0,0
200,2,D,"[1.2, 1.4)",25,5,2500,3770,20,150.8,1,2500,1730,4,69.2
201,2,D,"[1.4, 1.6)",2,0,200,0,0,0,0,200,0,0,0
202,2,D,"[1.6, 1.8)",3,2,300,660,66.66666667,220,1,300,680,33.33333333,226.6666667
203,2,D,"[2.0, 100.0)",10,2,1000,380,20,38,2,1000,860,20,86
204,2,E,"[0.0, 0.25)",24,3,2400,1300,12.5,54.16666667,1,2400,1970,4.166666667,82.08333333
205,2,E,"[0.25, 0.5)",18,1,1800,710,5.555555556,39.44444444,0,1800,0,0,0
206,2,E,"[0.5, 0.75)",137,20,13700,9230,14.59854015,67.37226277,4,13700,2370,2.919708029,17.29927007
207,2,E,"[0.75, 0.8)",53,10,5300,4250,18.86792453,80.18867925,2,5300,1130,3.773584906,21.32075472
208,2,E,"[0.8, 0.85)",75,14,7500,6450,18.66666667,86,4,7500,12110,5.333333333,161.4666667
209,2,E,"[0.85, 0.9)",55,8,5500,3430,14.54545455,62.36363636,2,5500,1180,3.636363636,21.45454545
210,2,E,"[0.9, 0.95)",67,14,6700,6380,20.89552239,95.2238806,2,6700,2140,2.985074627,31.94029851
211,2,E,"[0.95, 1.0)",69,11,6900,5930,15.94202899,85.94202899,4,6900,6350,5.797101449,92.02898551
212,2,E,"[1.0, 1.05)",48,7,4800,3380,14.58333333,70.41666667,2,4800,2090,4.166666667,43.54166667
213,2,E,"[1.05, 1.1)",44,4,4400,1500,9.090909091,34.09090909,2,4400,1940,4.545454545,44.09090909
214,2,E,"[1.1, 1.15)",26,2,2600,790,7.692307692,30.38461538,0,2600,0,0,0
215,2,E,"[1.15, 1.2)",38,8,3800,4480,21.05263158,117.8947368,0,3800,0,0,0
216,2,E,"[1.2, 1.4)",62,10,6200,8280,16.12903226,133.5483871,3,6200,4340,4.838709677,70
217,2,E,"[1.4, 1.6)",12,1,1200,740,8.333333333,61.66666667,0,1200,0,0,0
218,2,E,"[1.6, 1.8)",9,2,900,1650,22.22222222,183.3333333,2,900,5630,22.22222222,625.5555556
219,2,E,"[1.8, 2.0)",5,0,500,0,0,0,0,500,0,0,0
220,2,E,"[2.0, 100.0)",6,1,600,550,16.66666667,91.66666667,0,600,0,0,0
221,2,F,"[0.0, 0.25)",26,0,2600,0,0,0,0,2600,0,0,0
222,2,F,"[0.25, 0.5)",163,9,16300,16500,5.521472393,101.2269939,0,16300,0,0,0
223,2,F,"[0.5, 0.75)",351,38,35100,33590,10.82621083,95.6980057,8,35100,33550,2.279202279,95.58404558
224,2,F,"[0.75, 0.8)",85,9,8500,6970,10.58823529,82,5,8500,14400,5.882352941,169.4117647
225,2,F,"[0.8, 0.85)",73,3,7300,920,4.109589041,12.60273973,2,7300,2980,2.739726027,40.82191781
226,2,F,"[0.85, 0.9)",52,11,5200,10800,21.15384615,207.6923077,3,5200,2310,5.769230769,44.42307692
227,2,F,"[0.9, 0.95)",59,6,5900,3730,10.16949153,63.22033898,1,5900,500,1.694915254,8.474576271
228,2,F,"[0.95, 1.0)",51,3,5100,710,5.882352941,13.92156863,2,5100,1430,3.921568627,28.03921569
229,2,F,"[1.0, 1.05)",30,4,3000,2670,13.33333333,89,2,3000,8750,6.666666667,291.6666667
230,2,F,"[1.05, 1.1)",36,3,3600,1560,8.333333333,43.33333333,1,3600,960,2.777777778,26.66666667
231,2,F,"[1.1, 1.15)",24,1,2400,400,4.166666667,16.66666667,0,2400,0,0,0
232,2,F,"[1.15, 1.2)",25,1,2500,980,4,39.2,0,2500,0,0,0
233,2,F,"[1.2, 1.4)",23,1,2300,1300,4.347826087,56.52173913,0,2300,0,0,0
234,2,F,"[1.4, 1.6)",5,0,500,0,0,0,0,500,0,0,0
235,2,F,"[1.6, 1.8)",4,1,400,210,25,52.5,1,400,550,25,137.5
236,2,F,"[1.8, 2.0)",1,0,100,0,0,0,0,100,0,0,0
237,2,F,"[2.0, 100.0)",4,1,400,310,25,77.5,1,400,1010,25,252.5
238,2,G,"[0.0, 0.25)",84,3,8400,9740,3.571428571,115.952381,0,8400,0,0,0
239,2,G,"[0.25, 0.5)",255,12,25500,23780,4.705882353,93.25490196,4,25500,30340,1.568627451,118.9803922
240,2,G,"[0.5, 0.75)",176,9,17600,16730,5.113636364,95.05681818,0,17600,0,0,0
241,2,G,"[0.75, 0.8)",31,0,3100,0,0,0,0,3100,0,0,0
242,2,G,"[0.8, 0.85)",17,1,1700,7260,5.882352941,427.0588235,0,1700,0,0,0
243,2,G,"[0.85, 0.9)",22,1,2200,580,4.545454545,26.36363636,0,2200,0,0,0
244,2,G,"[0.9, 0.95)",15,0,1500,0,0,0,0,1500,0,0,0
245,2,G,"[0.95, 1.0)",17,0,1700,0,0,0,0,1700,0,0,0
246,2,G,"[1.0, 1.05)",13,1,1300,320,7.692307692,24.61538462,1,1300,720,7.692307692,55.38461538
247,2,G,"[1.05, 1.1)",10,0,1000,0,0,0,0,1000,0,0,0
248,2,G,"[1.1, 1.15)",13,0,1300,0,0,0,0,1300,0,0,0
249,2,G,"[1.15, 1.2)",4,0,400,0,0,0,0,400,0,0,0
250,2,G,"[1.2, 1.4)",10,0,1000,0,0,0,0,1000,0,0,0
251,2,G,"[1.4, 1.6)",8,0,800,0,0,0,0,800,0,0,0
252,2,G,"[1.6, 1.8)",2,0,200,0,0,0,0,200,0,0,0
253,2,G,"[2.0, 100.0)",1,0,100,0,0,0,0,100,0,0,0
254,3,SSS,"[0.75, 0.8)",3,3,300,330,100,110,1,300,160,33.33333333,53.33333333
255,3,SSS,"[0.85, 0.9)",2,2,200,200,100,100,2,200,240,100,120
256,3,SSS,"[0.95, 1.0)",4,3,400,330,75,82.5,3,400,400,75,100
257,3,SS,"[0.8, 0.85)",3,3,300,330,100,110,2,300,330,66.66666667,110
258,3,SS,"[0.9, 0.95)",2,1,200,100,50,50,1,200,120,50,60
259,3,SS,"[1.0, 1.05)",2,1,200,150,50,75,0,200,0,0,0
260,3,S,"[0.0, 0.25)",1,0,100,0,0,0,0,100,0,0,0
261,3,S,"[0.5, 0.75)",9,4,900,510,44.44444444,56.66666667,2,900,640,22.22222222,71.11111111
262,3,S,"[0.75, 0.8)",15,10,1500,1300,66.66666667,86.66666667,6,1500,1420,40,94.66666667
263,3,S,"[0.8, 0.85)",10,9,1000,990,90,99,5,1000,920,50,92
264,3,S,"[0.85, 0.9)",8,5,800,830,62.5,103.75,1,800,360,12.5,45
265,3,S,"[0.9, 0.95)",3,1,300,120,33.33333333,40,0,300,0,0,0
266,3,S,"[0.95, 1.0)",3,3,300,430,100,143.3333333,3,300,750,100,250
267,3,S,"[1.15, 1.2)",1,1,100,160,100,160,1,100,370,100,370
268,3,S,"[2.0, 100.0)",2,2,200,290,100,145,2,200,610,100,305
269,3,AA,"[0.5, 0.75)",4,1,400,150,25,37.5,1,400,300,25,75
270,3,AA,"[0.75, 0.8)",2,1,200,140,50,70,0,200,0,0,0
271,3,AA,"[0.8, 0.85)",1,1,100,190,100,190,0,100,0,0,0
272,3,AA,"[0.85, 0.9)",4,2,400,230,50,57.5,2,400,370,50,92.5
273,3,AA,"[0.9, 0.95)",2,2,200,270,100,135,1,200,280,50,140
274,3,A,"[0.0, 0.25)",2,0,200,0,0,0,0,200,0,0,0
275,3,A,"[0.25, 0.5)",3,2,300,310,66.66666667,103.3333333,1,300,720,33.33333333,240
276,3,A,"[0.5, 0.75)",27,12,2700,1700,44.44444444,62.96296296,6,2700,2060,22.22222222,76.2962963
277,3,A,"[0.75, 0.8)",16,6,1600,910,37.5,56.875,1,1600,320,6.25,20
278,3,A,"[0.8, 0.85)",12,7,1200,1030,58.33333333,85.83333333,3,1200,1010,25,84.16666667
279,3,A,"[0.85, 0.9)",20,10,2000,1700,50,85,5,2000,1700,25,85
280,3,A,"[0.9, 0.95)",8,6,800,810,75,101.25,5,800,1160,62.5,145
281,3,A,"[0.95, 1.0)",5,3,500,470,60,94,1,500,190,20,38
282,3,A,"[1.4, 1.6)",1,1,100,110,100,110,0,100,0,0,0
283,3,A,"[2.0, 100.0)",1,0,100,0,0,0,0,100,0,0,0
284,3,B,"[0.0, 0.25)",2,0,200,0,0,0,0,200,0,0,0
285,3,B,"[0.25, 0.5)",3,1,300,1300,33.33333333,433.3333333,0,300,0,0,0
286,3,B,"[0.5, 0.75)",44,19,4400,3990,43.18181818,90.68181818,1,4400,420,2.272727273,9.545454545
287,3,B,"[0.75, 0.8)",17,5,1700,720,29.41176471,42.35294118,2,1700,470,11.76470588,27.64705882
288,3,B,"[0.8, 0.85)",17,9,1700,1810,52.94117647,106.4705882,4,1700,1690,23.52941176,99.41176471
289,3,B,"[0.85, 0.9)",17,9,1700,1770,52.94117647,104.1176471,4,1700,2380,23.52941176,140
290,3,B,"[0.9, 0.95)",10,1,1000,170,10,17,1,1000,410,10,41
291,3,B,"[0.95, 1.0)",5,2,500,460,40,92,1,500,690,20,138
292,3,B,"[1.0, 1.05)",4,2,400,420,50,105,1,400,410,25,102.5
293,3,B,"[1.05, 1.1)",2,0,200,0,0,0,0,200,0,0,0
294,3,B,"[1.1, 1.15)",1,0,100,0,0,0,0,100,0,0,0
295,3,B,"[1.2, 1.4)",1,0,100,0,0,0,0,100,0,0,0
296,3,B,"[1.6, 1.8)",2,0,200,0,0,0,0,200,0,0,0
297,3,C,"[0.25, 0.5)",4,1,400,200,25,50,0,400,0,0,0
298,3,C,"[0.5, 0.75)",78,25,7800,5640,32.05128205,72.30769231,6,7800,4400,7.692307692,56.41025641
299,3,C,"[0.75, 0.8)",30,9,3000,1860,30,62,2,3000,1020,6.666666667,34
300,3,C,"[0.8, 0.85)",13,7,1300,1800,53.84615385,138.4615385,4,1300,3130,30.76923077,240.7692308
301,3,C,"[0.85, 0.9)",12,5,1200,1260,41.66666667,105,1,1200,1470,8.333333333,122.5
302,3,C,"[0.9, 0.95)",9,4,900,960,44.44444444,106.6666667,1,900,570,11.11111111,63.33333333
303,3,C,"[0.95, 1.0)",4,1,400,310,25,77.5,0,400,0,0,0
304,3,C,"[1.0, 1.05)",4,2,400,630,50,157.5,0,400,0,0,0
305,3,C,"[1.05, 1.1)",2,0,200,0,0,0,0,200,0,0,0
306,3,C,"[1.1, 1.15)",4,1,400,390,25,97.5,0,400,0,0,0
307,3,C,"[1.2, 1.4)",4,2,400,1170,50,292.5,1,400,1440,25,360
308,3,C,"[2.0, 100.0)",3,2,300,430,66.66666667,143.3333333,0,300,0,0,0
309,3,D,"[0.0, 0.25)",3,2,300,650,66.66666667,216.6666667,0,300,0,0,0
310,3,D,"[0.25, 0.5)",16,2,1600,1810,12.5,113.125,0,1600,0,0,0
311,3,D,"[0.5, 0.75)",139,35,13900,9520,25.17985612,68.48920863,8,13900,7980,5.755395683,57.41007194
312,3,D,"[0.75, 0.8)",37,11,3700,2880,29.72972973,77.83783784,4,3700,7030,10.81081081,190
313,3,D,"[0.8, 0.85)",24,5,2400,2090,20.83333333,87.08333333,1,2400,1270,4.166666667,52.91666667
314,3,D,"[0.85, 0.9)",16,3,1600,940,18.75,58.75,3,1600,3000,18.75,187.5
315,3,D,"[0.9, 0.95)",20,8,2000,3340,40,167,1,2000,950,5,47.5
316,3,D,"[0.95, 1.0)",11,2,1100,790,18.18181818,71.81818182,0,1100,0,0,0
317,3,D,"[1.0, 1.05)",6,1,600,430,16.66666667,71.66666667,1,600,1590,16.66666667,265
318,3,D,"[1.05, 1.1)",6,2,600,980,33.33333333,163.3333333,0,600,0,0,0
319,3,D,"[1.1, 1.15)",4,0,400,0,0,0,0,400,0,0,0
320,3,D,"[1.15, 1.2)",4,1,400,490,25,122.5,0,400,0,0,0
321,3,D,"[1.2, 1.4)",3,1,300,190,33.33333333,63.33333333,1,300,900,33.33333333,300
322,3,D,"[1.4, 1.6)",1,0,100,0,0,0,0,100,0,0,0
323,3,D,"[1.8, 2.0)",1,0,100,0,0,0,0,100,0,0,0
324,3,D,"[2.0, 100.0)",1,0,100,0,0,0,0,100,0,0,0
325,3,E,"[0.0, 0.25)",7,1,700,510,14.28571429,72.85714286,1,700,2260,14.28571429,322.8571429
326,3,E,"[0.25, 0.5)",22,2,2200,2530,9.090909091,115,1,2200,5570,4.545454545,253.1818182
327,3,E,"[0.5, 0.75)",135,21,13500,8540,15.55555556,63.25925926,6,13500,13860,4.444444444,102.6666667
328,3,E,"[0.75, 0.8)",42,10,4200,3830,23.80952381,91.19047619,1,4200,1090,2.380952381,25.95238095
329,3,E,"[0.8, 0.85)",49,12,4900,3340,24.48979592,68.16326531,3,4900,2950,6.12244898,60.20408163
330,3,E,"[0.85, 0.9)",41,8,4100,5050,19.51219512,123.1707317,2,4100,2520,4.87804878,61.46341463
331,3,E,"[0.9, 0.95)",25,5,2500,2490,20,99.6,2,2500,4260,8,170.4
332,3,E,"[0.95, 1.0)",25,3,2500,1240,12,49.6,0,2500,0,0,0
333,3,E,"[1.0, 1.05)",17,0,1700,0,0,0,0,1700,0,0,0
334,3,E,"[1.05, 1.1)",11,1,1100,440,9.090909091,40,0,1100,0,0,0
335,3,E,"[1.1, 1.15)",14,2,1400,2170,14.28571429,155,0,1400,0,0,0
336,3,E,"[1.15, 1.2)",5,0,500,0,0,0,0,500,0,0,0
337,3,E,"[1.2, 1.4)",21,3,2100,2050,14.28571429,97.61904762,1,2100,2520,4.761904762,120
338,3,E,"[1.6, 1.8)",2,0,200,0,0,0,0,200,0,0,0
339,3,E,"[2.0, 100.0)",4,0,400,0,0,0,0,400,0,0,0
340,3,F,"[0.0, 0.25)",26,1,2600,1670,3.846153846,64.23076923,0,2600,0,0,0
341,3,F,"[0.25, 0.5)",130,7,13000,6200,5.384615385,47.69230769,1,13000,430,0.769230769,3.307692308
342,3,F,"[0.5, 0.75)",156,20,15600,12280,12.82051282,78.71794872,5,15600,11080,3.205128205,71.02564103
343,3,F,"[0.75, 0.8)",34,3,3400,2540,8.823529412,74.70588235,2,3400,11490,5.882352941,337.9411765
344,3,F,"[0.8, 0.85)",31,6,3100,2190,19.35483871,70.64516129,1,3100,550,3.225806452,17.74193548
345,3,F,"[0.85, 0.9)",20,2,2000,1340,10,67,1,2000,2850,5,142.5
346,3,F,"[0.9, 0.95)",16,1,1600,640,6.25,40,0,1600,0,0,0
347,3,F,"[0.95, 1.0)",12,4,1200,2590,33.33333333,215.8333333,1,1200,600,8.333333333,50
348,3,F,"[1.0, 1.05)",13,3,1300,1750,23.07692308,134.6153846,1,1300,660,7.692307692,50.76923077
349,3,F,"[1.05, 1.1)",11,1,1100,410,9.090909091,37.27272727,0,1100,0,0,0
350,3,F,"[1.1, 1.15)",2,0,200,0,0,0,0,200,0,0,0
351,3,F,"[1.15, 1.2)",2,0,200,0,0,0,0,200,0,0,0
352,3,F,"[1.2, 1.4)",6,0,600,0,0,0,0,600,0,0,0
353,3,F,"[1.4, 1.6)",3,0,300,0,0,0,0,300,0,0,0
354,3,G,"[0.0, 0.25)",58,3,5800,2700,5.172413793,46.55172414,3,5800,16240,5.172413793,280
355,3,G,"[0.25, 0.5)",137,1,13700,1370,0.729927007,10,0,13700,0,0,0
356,3,G,"[0.5, 0.75)",63,3,6300,1350,4.761904762,21.42857143,1,6300,1860,1.587301587,29.52380952
357,3,G,"[0.75, 0.8)",7,0,700,0,0,0,0,700,0,0,0
358,3,G,"[0.8, 0.85)",14,2,1400,1520,14.28571429,108.5714286,0,1400,0,0,0
359,3,G,"[0.85, 0.9)",3,0,300,0,0,0,0,300,0,0,0
360,3,G,"[0.9, 0.95)",4,0,400,0,0,0,0,400,0,0,0
361,3,G,"[0.95, 1.0)",2,0,200,0,0,0,0,200,0,0,0
362,3,G,"[1.0, 1.05)",1,0,100,0,0,0,0,100,0,0,0
363,3,G,"[1.05, 1.1)",6,0,600,0,0,0,0,600,0,0,0
364,3,G,"[1.1, 1.15)",3,1,300,280,33.33333333,93.33333333,0,300,0,0,0
365,3,G,"[1.2, 1.4)",4,0,400,0,0,0,0,400,0,0,0
366,3,G,"[1.4, 1.6)",2,0,200,0,0,0,0,200,0,0,0
367,3,G,"[2.0, 100.0)",1,0,100,0,0,0,0,100,0,0,0
368,4,SSS,"[0.75, 0.8)",1,1,100,110,100,110,0,100,0,0,0
369,4,SSS,"[0.85, 0.9)",1,1,100,100,100,100,1,100,120,100,120
370,4,SSS,"[0.95, 1.0)",1,1,100,110,100,110,1,100,130,100,130
371,4,SS,"[0.8, 0.85)",1,0,100,0,0,0,0,100,0,0,0
372,4,SS,"[1.15, 1.2)",1,0,100,0,0,0,0,100,0,0,0
373,4,S,"[0.5, 0.75)",10,7,1000,910,70,91,4,1000,1160,40,116
374,4,S,"[0.75, 0.8)",7,3,700,410,42.85714286,58.57142857,2,700,700,28.57142857,100
375,4,S,"[0.8, 0.85)",6,2,600,260,33.33333333,43.33333333,1,600,180,16.66666667,30
376,4,S,"[0.85, 0.9)",7,3,700,450,42.85714286,64.28571429,2,700,670,28.57142857,95.71428571
377,4,S,"[0.9, 0.95)",3,3,300,450,100,150,2,300,470,66.66666667,156.6666667
378,4,S,"[0.95, 1.0)",2,1,200,170,50,85,1,200,380,50,190
379,4,S,"[2.0, 100.0)",1,1,100,140,100,140,1,100,320,100,320
380,4,AA,"[0.5, 0.75)",4,2,400,390,50,97.5,0,400,0,0,0
381,4,AA,"[0.75, 0.8)",8,5,800,720,62.5,90,3,800,1060,37.5,132.5
382,4,AA,"[0.8, 0.85)",3,2,300,310,66.66666667,103.3333333,2,300,710,66.66666667,236.6666667
383,4,AA,"[0.85, 0.9)",7,4,700,550,57.14285714,78.57142857,3,700,940,42.85714286,134.2857143
384,4,AA,"[0.9, 0.95)",2,2,200,340,100,170,1,200,690,50,345
385,4,AA,"[0.95, 1.0)",1,0,100,0,0,0,0,100,0,0,0
386,4,A,"[0.25, 0.5)",1,0,100,0,0,0,0,100,0,0,0
387,4,A,"[0.5, 0.75)",31,13,3100,2070,41.93548387,66.77419355,3,3100,1230,9.677419355,39.67741935
388,4,A,"[0.75, 0.8)",31,15,3100,2460,48.38709677,79.35483871,7,3100,3430,22.58064516,110.6451613
389,4,A,"[0.8, 0.85)",36,22,3600,3310,61.11111111,91.94444444,4,3600,1350,11.11111111,37.5
390,4,A,"[0.85, 0.9)",19,11,1900,1940,57.89473684,102.1052632,5,1900,2340,26.31578947,123.1578947
391,4,A,"[0.9, 0.95)",5,4,500,610,80,122,2,500,340,40,68
392,4,A,"[0.95, 1.0)",1,0,100,0,0,0,0,100,0,0,0
393,4,A,"[1.0, 1.05)",2,1,200,220,50,110,0,200,0,0,0
394,4,A,"[1.2, 1.4)",1,0,100,0,0,0,0,100,0,0,0
395,4,A,"[2.0, 100.0)",3,3,300,450,100,150,1,300,350,33.33333333,116.6666667
396,4,B,"[0.0, 0.25)",1,0,100,0,0,0,0,100,0,0,0
397,4,B,"[0.25, 0.5)",2,0,200,0,0,0,0,200,0,0,0
398,4,B,"[0.5, 0.75)",46,15,4600,2800,32.60869565,60.86956522,5,4600,2730,10.86956522,59.34782609
399,4,B,"[0.75, 0.8)",34,21,3400,3660,61.76470588,107.6470588,8,3400,4170,23.52941176,122.6470588
400,4,B,"[0.8, 0.85)",22,8,2200,1360,36.36363636,61.81818182,3,2200,1390,13.63636364,63.18181818
401,4,B,"[0.85, 0.9)",34,13,3400,2270,38.23529412,66.76470588,5,3400,2570,14.70588235,75.58823529
402,4,B,"[0.9, 0.95)",17,5,1700,890,29.41176471,52.35294118,3,1700,1330,17.64705882,78.23529412
403,4,B,"[0.95, 1.0)",8,4,800,770,50,96.25,1,800,190,12.5,23.75
404,4,B,"[1.0, 1.05)",2,1,200,280,50,140,1,200,680,50,340
405,4,B,"[1.1, 1.15)",1,0,100,0,0,0,0,100,0,0,0
406,4,B,"[2.0, 100.0)",2,2,200,280,100,140,2,200,810,100,405
407,4,C,"[0.0, 0.25)",1,0,100,0,0,0,0,100,0,0,0
408,4,C,"[0.25, 0.5)",1,1,100,170,100,170,0,100,0,0,0
409,4,C,"[0.5, 0.75)",86,37,8600,7130,43.02325581,82.90697674,9,8600,4870,10.46511628,56.62790698
410,4,C,"[0.75, 0.8)",40,11,4000,2350,27.5,58.75,5,4000,2920,12.5,73
411,4,C,"[0.8, 0.85)",30,15,3000,3140,50,104.6666667,8,3000,4520,26.66666667,150.6666667
412,4,C,"[0.85, 0.9)",19,10,1900,2260,52.63157895,118.9473684,4,1900,3390,21.05263158,178.4210526
413,4,C,"[0.9, 0.95)",19,7,1900,2040,36.84210526,107.3684211,1,1900,920,5.263157895,48.42105263
414,4,C,"[0.95, 1.0)",8,4,800,920,50,115,3,800,1350,37.5,168.75
415,4,C,"[1.0, 1.05)",13,3,1300,900,23.07692308,69.23076923,1,1300,1450,7.692307692,111.5384615
416,4,C,"[1.05, 1.1)",3,0,300,0,0,0,0,300,0,0,0
417,4,C,"[1.1, 1.15)",1,0,100,0,0,0,0,100,0,0,0
418,4,C,"[1.15, 1.2)",3,1,300,440,33.33333333,146.6666667,1,300,1910,33.33333333,636.6666667
419,4,C,"[1.2, 1.4)",3,0,300,0,0,0,0,300,0,0,0
420,4,C,"[1.4, 1.6)",1,0,100,0,0,0,0,100,0,0,0
421,4,C,"[1.8, 2.0)",1,0,100,0,0,0,0,100,0,0,0
422,4,C,"[2.0, 100.0)",3,0,300,0,0,0,0,300,0,0,0
423,4,D,"[0.0, 0.25)",2,1,200,170,50,85,0,200,0,0,0
424,4,D,"[0.25, 0.5)",3,0,300,0,0,0,0,300,0,0,0
425,4,D,"[0.5, 0.75)",103,28,10300,7240,27.18446602,70.29126214,11,10300,9640,10.67961165,93.59223301
426,4,D,"[0.75, 0.8)",38,10,3800,2700,26.31578947,71.05263158,2,3800,1020,5.263157895,26.84210526
427,4,D,"[0.8, 0.85)",26,12,2600,4850,46.15384615,186.5384615,5,2600,7450,19.23076923,286.5384615
428,4,D,"[0.85, 0.9)",23,5,2300,1720,21.73913043,74.7826087,0,2300,0,0,0
429,4,D,"[0.9, 0.95)",13,2,1300,1250,15.38461538,96.15384615,0,1300,0,0,0
430,4,D,"[0.95, 1.0)",4,1,400,300,25,75,0,400,0,0,0
431,4,D,"[1.0, 1.05)",10,1,1000,280,10,28,0,1000,0,0,0
432,4,D,"[1.05, 1.1)",7,0,700,0,0,0,0,700,0,0,0
433,4,D,"[1.1, 1.15)",1,0,100,0,0,0,0,100,0,0,0
434,4,D,"[1.15, 1.2)",4,0,400,0,0,0,0,400,0,0,0
435,4,D,"[1.2, 1.4)",3,0,300,0,0,0,0,300,0,0,0
436,4,D,"[1.4, 1.6)",2,0,200,0,0,0,0,200,0,0,0
437,4,D,"[1.6, 1.8)",1,0,100,0,0,0,0,100,0,0,0
438,4,D,"[2.0, 100.0)",1,0,100,0,0,0,0,100,0,0,0
439,4,E,"[0.0, 0.25)",2,0,200,0,0,0,0,200,0,0,0
440,4,E,"[0.25, 0.5)",15,1,1500,940,6.666666667,62.66666667,0,1500,0,0,0
441,4,E,"[0.5, 0.75)",104,14,10400,4970,13.46153846,47.78846154,3,10400,7000,2.884615385,67.30769231
442,4,E,"[0.75, 0.8)",43,7,4300,2240,16.27906977,52.09302326,1,4300,1210,2.325581395,28.13953488
443,4,E,"[0.8, 0.85)",49,11,4900,4170,22.44897959,85.10204082,3,4900,9100,6.12244898,185.7142857
444,4,E,"[0.85, 0.9)",34,5,3400,1600,14.70588235,47.05882353,3,3400,1770,8.823529412,52.05882353
445,4,E,"[0.9, 0.95)",38,10,3800,4910,26.31578947,129.2105263,1,3800,2050,2.631578947,53.94736842
446,4,E,"[0.95, 1.0)",26,5,2600,2360,19.23076923,90.76923077,1,2600,1240,3.846153846,47.69230769
447,4,E,"[1.0, 1.05)",15,2,1500,800,13.33333333,53.33333333,1,1500,910,6.666666667,60.66666667
448,4,E,"[1.05, 1.1)",14,4,1400,1850,28.57142857,132.1428571,1,1400,1910,7.142857143,136.4285714
449,4,E,"[1.1, 1.15)",16,0,1600,0,0,0,0,1600,0,0,0
450,4,E,"[1.15, 1.2)",14,0,1400,0,0,0,0,1400,0,0,0
451,4,E,"[1.2, 1.4)",25,3,2500,1540,12,61.6,3,2500,4730,12,189.2
452,4,E,"[1.4, 1.6)",13,1,1300,2870,7.692307692,220.7692308,0,1300,0,0,0
453,4,E,"[1.6, 1.8)",2,0,200,0,0,0,0,200,0,0,0
454,4,E,"[2.0, 100.0)",3,0,300,0,0,0,0,300,0,0,0
455,4,F,"[0.0, 0.25)",17,1,1700,470,5.882352941,27.64705882,0,1700,0,0,0
456,4,F,"[0.25, 0.5)",107,2,10700,3840,1.869158879,35.88785047,0,10700,0,0,0
457,4,F,"[0.5, 0.75)",196,20,19600,12240,10.20408163,62.44897959,1,19600,3750,0.510204082,19.13265306
458,4,F,"[0.75, 0.8)",26,2,2600,1710,7.692307692,65.76923077,0,2600,0,0,0
459,4,F,"[0.8, 0.85)",31,3,3100,1710,9.677419355,55.16129032,1,3100,1660,3.225806452,53.5483871
460,4,F,"[0.85, 0.9)",23,1,2300,720,4.347826087,31.30434783,0,2300,0,0,0
461,4,F,"[0.9, 0.95)",28,1,2800,930,3.571428571,33.21428571,0,2800,0,0,0
462,4,F,"[0.95, 1.0)",19,2,1900,680,10.52631579,35.78947368,0,1900,0,0,0
463,4,F,"[1.0, 1.05)",20,0,2000,0,0,0,0,2000,0,0,0
464,4,F,"[1.05, 1.1)",10,1,1000,1020,10,102,0,1000,0,0,0
465,4,F,"[1.1, 1.15)",9,0,900,0,0,0,0,900,0,0,0
466,4,F,"[1.15, 1.2)",3,0,300,0,0,0,0,300,0,0,0
467,4,F,"[1.2, 1.4)",10,1,1000,1260,10,126,0,1000,0,0,0
468,4,F,"[1.4, 1.6)",5,0,500,0,0,0,0,500,0,0,0
469,4,F,"[2.0, 100.0)",1,0,100,0,0,0,0,100,0,0,0
470,4,G,"[0.0, 0.25)",51,2,5100,6730,3.921568627,131.9607843,0,5100,0,0,0
471,4,G,"[0.25, 0.5)",155,8,15500,13630,5.161290323,87.93548387,0,15500,0,0,0
472,4,G,"[0.5, 0.75)",103,3,10300,3960,2.912621359,38.44660194,1,10300,9730,0.970873786,94.46601942
473,4,G,"[0.75, 0.8)",12,0,1200,0,0,0,0,1200,0,0,0
474,4,G,"[0.8, 0.85)",13,0,1300,0,0,0,0,1300,0,0,0
475,4,G,"[0.85, 0.9)",7,0,700,0,0,0,0,700,0,0,0
476,4,G,"[0.9, 0.95)",6,0,600,0,0,0,0,600,0,0,0
477,4,G,"[0.95, 1.0)",5,1,500,780,20,156,0,500,0,0,0
478,4,G,"[1.0, 1.05)",7,0,700,0,0,0,0,700,0,0,0
479,4,G,"[1.05, 1.1)",5,1,500,1280,20,256,1,500,3970,20,794
480,4,G,"[1.1, 1.15)",5,1,500,310,20,62,1,500,740,20,148
481,4,G,"[1.15, 1.2)",2,0,200,0,0,0,0,200,0,0,0
482,4,G,"[1.2, 1.4)",3,0,300,0,0,0,0,300,0,0,0
483,4,G,"[1.4, 1.6)",1,0,100,0,0,0,0,100,0,0,0
484,5,SSS,"[0.85, 0.9)",2,1,200,110,50,55,1,200,210,50,105
485,5,SSS,"[0.9, 0.95)",1,1,100,130,100,130,1,100,220,100,220
486,5,SS,"[0.75, 0.8)",1,1,100,170,100,170,1,100,350,100,350
487,5,SS,"[0.8, 0.85)",4,3,400,340,75,85,1,400,180,25,45
488,5,SS,"[2.0, 100.0)",1,1,100,120,100,120,1,100,250,100,250
489,5,S,"[0.5, 0.75)",13,6,1300,790,46.15384615,60.76923077,5,1300,1290,38.46153846,99.23076923
490,5,S,"[0.75, 0.8)",22,9,2200,1270,40.90909091,57.72727273,5,2200,1250,22.72727273,56.81818182
491,5,S,"[0.8, 0.85)",6,3,600,330,50,55,1,600,150,16.66666667,25
492,5,S,"[0.85, 0.9)",7,4,700,610,57.14285714,87.14285714,1,700,290,14.28571429,41.42857143
493,5,S,"[0.9, 0.95)",1,1,100,170,100,170,1,100,420,100,420
494,5,S,"[0.95, 1.0)",1,1,100,180,100,180,1,100,310,100,310
495,5,AA,"[0.5, 0.75)",10,5,1000,770,50,77,4,1000,1660,40,166
496,5,AA,"[0.75, 0.8)",10,6,1000,820,60,82,3,1000,810,30,81
497,5,AA,"[0.8, 0.85)",4,3,400,510,75,127.5,2,400,910,50,227.5
498,5,AA,"[0.85, 0.9)",9,6,900,840,66.66666667,93.33333333,4,900,960,44.44444444,106.6666667
499,5,AA,"[0.9, 0.95)",2,1,200,160,50,80,0,200,0,0,0
500,5,AA,"[0.95, 1.0)",1,1,100,120,100,120,1,100,190,100,190
501,5,A,"[0.0, 0.25)",2,0,200,0,0,0,0,200,0,0,0
502,5,A,"[0.5, 0.75)",57,27,5700,4070,47.36842105,71.40350877,9,5700,3780,15.78947368,66.31578947
503,5,A,"[0.75, 0.8)",27,11,2700,1790,40.74074074,66.2962963,5,2700,1780,18.51851852,65.92592593
504,5,A,"[0.8, 0.85)",35,16,3500,2680,45.71428571,76.57142857,4,3500,1730,11.42857143,49.42857143
505,5,A,"[0.85, 0.9)",15,10,1500,1590,66.66666667,106,5,1500,1370,33.33333333,91.33333333
506,5,A,"[0.9, 0.95)",5,5,500,790,100,158,2,500,470,40,94
507,5,A,"[0.95, 1.0)",2,1,200,190,50,95,0,200,0,0,0
508,5,A,"[1.0, 1.05)",2,2,200,330,100,165,2,200,670,100,335
509,5,A,"[1.05, 1.1)",1,0,100,0,0,0,0,100,0,0,0
510,5,A,"[2.0, 100.0)",5,2,500,300,40,60,1,500,290,20,58
511,5,B,"[0.0, 0.25)",7,1,700,1730,14.28571429,247.1428571,0,700,0,0,0
512,5,B,"[0.25, 0.5)",1,0,100,0,0,0,0,100,0,0,0
513,5,B,"[0.5, 0.75)",43,17,4300,2890,39.53488372,67.20930233,6,4300,3030,13.95348837,70.46511628
514,5,B,"[0.75, 0.8)",33,19,3300,3210,57.57575758,97.27272727,8,3300,3280,24.24242424,99.39393939
515,5,B,"[0.8, 0.85)",26,13,2600,2370,50,91.15384615,5,2600,2510,19.23076923,96.53846154
516,5,B,"[0.85, 0.9)",23,9,2300,1540,39.13043478,66.95652174,3,2300,980,13.04347826,42.60869565
517,5,B,"[0.9, 0.95)",16,4,1600,670,25,41.875,2,1600,710,12.5,44.375
518,5,B,"[0.95, 1.0)",5,1,500,200,20,40,0,500,0,0,0
519,5,B,"[1.0, 1.05)",4,0,400,0,0,0,0,400,0,0,0
520,5,B,"[1.15, 1.2)",1,0,100,0,0,0,0,100,0,0,0
521,5,B,"[1.2, 1.4)",1,1,100,160,100,160,1,100,290,100,290
522,5,B,"[2.0, 100.0)",3,2,300,310,66.66666667,103.3333333,0,300,0,0,0
523,5,C,"[0.25, 0.5)",3,1,300,340,33.33333333,113.3333333,0,300,0,0,0
524,5,C,"[0.5, 0.75)",101,41,10100,10120,40.59405941,100.1980198,14,10100,8290,13.86138614,82.07920792
525,5,C,"[0.75, 0.8)",26,10,2600,2340,38.46153846,90,3,2600,3070,11.53846154,118.0769231
526,5,C,"[0.8, 0.85)",25,7,2500,1870,28,74.8,1,2500,1080,4,43.2
527,5,C,"[0.85, 0.9)",18,5,1800,960,27.77777778,53.33333333,1,1800,430,5.555555556,23.88888889
528,5,C,"[0.9, 0.95)",16,7,1600,2090,43.75,130.625,3,1600,3000,18.75,187.5
529,5,C,"[0.95, 1.0)",9,4,900,1300,44.44444444,144.4444444,2,900,2150,22.22222222,238.8888889
530,5,C,"[1.0, 1.05)",7,2,700,500,28.57142857,71.42857143,1,700,240,14.28571429,34.28571429
531,5,C,"[1.05, 1.1)",1,0,100,0,0,0,0,100,0,0,0
532,5,C,"[1.1, 1.15)",2,0,200,0,0,0,0,200,0,0,0
533,5,C,"[1.15, 1.2)",4,1,400,410,25,102.5,0,400,0,0,0
534,5,C,"[1.2, 1.4)",1,0,100,0,0,0,0,100,0,0,0
535,5,C,"[1.4, 1.6)",1,0,100,0,0,0,0,100,0,0,0
536,5,C,"[1.6, 1.8)",1,1,100,710,100,710,1,100,1950,100,1950
537,5,D,"[0.0, 0.25)",1,0,100,0,0,0,0,100,0,0,0
538,5,D,"[0.25, 0.5)",8,1,800,590,12.5,73.75,0,800,0,0,0
539,5,D,"[0.5, 0.75)",138,30,13800,8900,21.73913043,64.49275362,2,13800,3240,1.449275362,23.47826087
540,5,D,"[0.75, 0.8)",27,6,2700,1540,22.22222222,57.03703704,3,2700,2600,11.11111111,96.2962963
541,5,D,"[0.8, 0.85)",25,8,2500,3470,32,138.8,4,2500,8510,16,340.4
542,5,D,"[0.85, 0.9)",20,4,2000,1560,20,78,1,2000,610,5,30.5
543,5,D,"[0.9, 0.95)",12,4,1200,2100,33.33333333,175,0,1200,0,0,0
544,5,D,"[0.95, 1.0)",11,3,1100,1400,27.27272727,127.2727273,1,1100,1220,9.090909091,110.9090909
545,5,D,"[1.0, 1.05)",4,2,400,980,50,245,1,400,3250,25,812.5
546,5,D,"[1.05, 1.1)",2,0,200,0,0,0,0,200,0,0,0
547,5,D,"[1.1, 1.15)",4,0,400,0,0,0,0,400,0,0,0
548,5,D,"[1.15, 1.2)",3,1,300,910,33.33333333,303.3333333,0,300,0,0,0
549,5,D,"[1.2, 1.4)",3,1,300,350,33.33333333,116.6666667,1,300,880,33.33333333,293.3333333
550,5,D,"[2.0, 100.0)",3,1,300,230,33.33333333,76.66666667,0,300,0,0,0
551,5,E,"[0.0, 0.25)",4,0,400,0,0,0,0,400,0,0,0
552,5,E,"[0.25, 0.5)",14,3,1400,1610,21.42857143,115,0,1400,0,0,0
553,5,E,"[0.5, 0.75)",158,34,15800,14850,21.51898734,93.98734177,5,15800,13690,3.164556962,86.64556962
554,5,E,"[0.75, 0.8)",44,11,4400,3250,25,73.86363636,5,4400,8460,11.36363636,192.2727273
555,5,E,"[0.8, 0.85)",42,2,4200,470,4.761904762,11.19047619,1,4200,950,2.380952381,22.61904762
556,5,E,"[0.85, 0.9)",30,5,3000,3450,16.66666667,115,3,3000,4320,10,144
557,5,E,"[0.9, 0.95)",22,5,2200,2310,22.72727273,105,1,2200,2150,4.545454545,97.72727273
558,5,E,"[0.95, 1.0)",26,4,2600,1470,15.38461538,56.53846154,1,2600,1380,3.846153846,53.07692308
559,5,E,"[1.0, 1.05)",21,3,2100,1110,14.28571429,52.85714286,0,2100,0,0,0
560,5,E,"[1.05, 1.1)",13,0,1300,0,0,0,0,1300,0,0,0
561,5,E,"[1.1, 1.15)",12,1,1200,640,8.333333333,53.33333333,0,1200,0,0,0
562,5,E,"[1.15, 1.2)",8,0,800,0,0,0,0,800,0,0,0
563,5,E,"[1.2, 1.4)",19,1,1900,790,5.263157895,41.57894737,0,1900,0,0,0
564,5,E,"[1.4, 1.6)",1,1,100,730,100,730,0,100,0,0,0
565,5,E,"[1.6, 1.8)",2,0,200,0,0,0,0,200,0,0,0
566,5,E,"[2.0, 100.0)",3,0,300,0,0,0,0,300,0,0,0
567,5,F,"[0.0, 0.25)",25,1,2500,1520,4,60.8,0,2500,0,0,0
568,5,F,"[0.25, 0.5)",118,3,11800,5530,2.542372881,46.86440678,0,11800,0,0,0
569,5,F,"[0.5, 0.75)",177,19,17700,14050,10.73446328,79.37853107,2,17700,5860,1.129943503,33.10734463
570,5,F,"[0.75, 0.8)",30,1,3000,720,3.333333333,24,1,3000,4120,3.333333333,137.3333333
571,5,F,"[0.8, 0.85)",36,4,3600,2250,11.11111111,62.5,1,3600,2540,2.777777778,70.55555556
572,5,F,"[0.85, 0.9)",27,5,2700,3630,18.51851852,134.4444444,4,2700,6860,14.81481481,254.0740741
573,5,F,"[0.9, 0.95)",13,3,1300,1510,23.07692308,116.1538462,1,1300,1290,7.692307692,99.23076923
574,5,F,"[0.95, 1.0)",16,1,1600,300,6.25,18.75,1,1600,940,6.25,58.75
575,5,F,"[1.0, 1.05)",8,2,800,550,25,68.75,1,800,820,12.5,102.5
576,5,F,"[1.05, 1.1)",7,1,700,470,14.28571429,67.14285714,0,700,0,0,0
577,5,F,"[1.1, 1.15)",3,0,300,0,0,0,0,300,0,0,0
578,5,F,"[1.15, 1.2)",5,0,500,0,0,0,0,500,0,0,0
579,5,F,"[1.2, 1.4)",4,1,400,660,25,165,0,400,0,0,0
580,5,F,"[1.6, 1.8)",1,0,100,0,0,0,0,100,0,0,0
581,5,F,"[1.8, 2.0)",1,0,100,0,0,0,0,100,0,0,0
582,5,F,"[2.0, 100.0)",1,0,100,0,0,0,0,100,0,0,0
583,5,G,"[0.0, 0.25)",58,4,5800,6830,6.896551724,117.7586207,0,5800,0,0,0
584,5,G,"[0.25, 0.5)",149,3,14900,4000,2.013422819,26.84563758,0,14900,0,0,0
585,5,G,"[0.5, 0.75)",86,5,8600,10770,5.813953488,125.2325581,1,8600,3230,1.162790698,37.55813953
586,5,G,"[0.75, 0.8)",12,0,1200,0,0,0,0,1200,0,0,0
587,5,G,"[0.8, 0.85)",10,1,1000,970,10,97,0,1000,0,0,0
588,5,G,"[0.85, 0.9)",10,0,1000,0,0,0,0,1000,0,0,0
589,5,G,"[0.9, 0.95)",7,0,700,0,0,0,0,700,0,0,0
590,5,G,"[0.95, 1.0)",1,0,100,0,0,0,0,100,0,0,0
591,5,G,"[1.0, 1.05)",2,0,200,0,0,0,0,200,0,0,0
592,5,G,"[1.05, 1.1)",4,0,400,0,0,0,0,400,0,0,0
593,5,G,"[1.1, 1.15)",2,0,200,0,0,0,0,200,0,0,0
594,5,G,"[1.15, 1.2)",3,0,300,0,0,0,0,300,0,0,0
595,5,G,"[1.2, 1.4)",2,0,200,0,0,0,0,200,0,0,0
596,5,G,"[1.6, 1.8)",3,0,300,0,0,0,0,300,0,0,0
597,6,SSS,"[0.75, 0.8)",3,2,300,220,66.66666667,73.33333333,1,300,190,33.33333333,63.33333333
598,6,SSS,"[0.85, 0.9)",3,3,300,310,100,103.3333333,2,300,220,66.66666667,73.33333333
599,6,SSS,"[0.9, 0.95)",1,1,100,110,100,110,1,100,130,100,130
600,6,SSS,"[1.0, 1.05)",1,1,100,140,100,140,0,100,0,0,0
601,6,SSS,"[1.8, 2.0)",1,1,100,110,100,110,0,100,0,0,0
602,6,SS,"[0.8, 0.85)",10,10,1000,1100,100,110,7,1000,1190,70,119
603,6,SS,"[0.9, 0.95)",3,1,300,120,33.33333333,40,0,300,0,0,0
604,6,SS,"[0.95, 1.0)",3,3,300,330,100,110,2,300,270,66.66666667,90
605,6,S,"[0.0, 0.25)",1,0,100,0,0,0,0,100,0,0,0
606,6,S,"[0.5, 0.75)",16,8,1600,910,50,56.875,5,1600,1190,31.25,74.375
607,6,S,"[0.75, 0.8)",15,11,1500,1480,73.33333333,98.66666667,9,1500,2160,60,144
608,6,S,"[0.8, 0.85)",21,17,2100,1870,80.95238095,89.04761905,7,2100,1240,33.33333333,59.04761905
609,6,S,"[0.85, 0.9)",3,0,300,0,0,0,0,300,0,0,0
610,6,S,"[0.9, 0.95)",2,0,200,0,0,0,0,200,0,0,0
611,6,S,"[0.95, 1.0)",3,3,300,330,100,110,3,300,410,100,136.6666667
612,6,AA,"[0.25, 0.5)",1,0,100,0,0,0,0,100,0,0,0
613,6,AA,"[0.5, 0.75)",2,1,200,170,50,85,1,200,320,50,160
614,6,AA,"[0.75, 0.8)",3,2,300,230,66.66666667,76.66666667,0,300,0,0,0
615,6,AA,"[0.85, 0.9)",7,4,700,510,57.14285714,72.85714286,2,700,450,28.57142857,64.28571429
616,6,AA,"[0.9, 0.95)",1,1,100,150,100,150,1,100,280,100,280
617,6,AA,"[1.0, 1.05)",1,0,100,0,0,0,0,100,0,0,0
618,6,AA,"[2.0, 100.0)",1,1,100,160,100,160,0,100,0,0,0
619,6,A,"[0.0, 0.25)",4,2,400,1640,50,410,0,400,0,0,0
620,6,A,"[0.25, 0.5)",3,2,300,370,66.66666667,123.3333333,0,300,0,0,0
621,6,A,"[0.5, 0.75)",30,16,3000,2720,53.33333333,90.66666667,5,3000,2630,16.66666667,87.66666667
622,6,A,"[0.75, 0.8)",13,8,1300,1260,61.53846154,96.92307692,5,1300,1870,38.46153846,143.8461538
623,6,A,"[0.8, 0.85)",14,10,1400,1660,71.42857143,118.5714286,2,1400,600,14.28571429,42.85714286
624,6,A,"[0.85, 0.9)",11,5,1100,770,45.45454545,70,2,1100,500,18.18181818,45.45454545
625,6,A,"[0.9, 0.95)",4,1,400,170,25,42.5,0,400,0,0,0
626,6,A,"[0.95, 1.0)",3,0,300,0,0,0,0,300,0,0,0
627,6,A,"[1.0, 1.05)",1,1,100,540,100,540,1,100,4490,100,4490
628,6,A,"[2.0, 100.0)",1,1,100,150,100,150,1,100,870,100,870
629,6,B,"[0.25, 0.5)",4,0,400,0,0,0,0,400,0,0,0
630,6,B,"[0.5, 0.75)",59,27,5900,4870,45.76271186,82.54237288,6,5900,3010,10.16949153,51.01694915
631,6,B,"[0.75, 0.8)",10,4,1000,640,40,64,1,1000,650,10,65
632,6,B,"[0.8, 0.85)",13,7,1300,1430,53.84615385,110,3,1300,1450,23.07692308,111.5384615
633,6,B,"[0.85, 0.9)",16,3,1600,550,18.75,34.375,0,1600,0,0,0
634,6,B,"[0.9, 0.95)",4,1,400,210,25,52.5,1,400,680,25,170
635,6,B,"[0.95, 1.0)",4,1,400,600,25,150,0,400,0,0,0
636,6,B,"[1.0, 1.05)",1,0,100,0,0,0,0,100,0,0,0
637,6,B,"[1.2, 1.4)",2,0,200,0,0,0,0,200,0,0,0
638,6,C,"[0.0, 0.25)",2,1,200,260,50,130,0,200,0,0,0
639,6,C,"[0.25, 0.5)",5,0,500,0,0,0,0,500,0,0,0
640,6,C,"[0.5, 0.75)",111,43,11100,8650,38.73873874,77.92792793,7,11100,4390,6.306306306,39.54954955
641,6,C,"[0.75, 0.8)",28,11,2800,2820,39.28571429,100.7142857,3,2800,2610,10.71428571,93.21428571
642,6,C,"[0.8, 0.85)",20,5,2000,1160,25,58,1,2000,500,5,25
643,6,C,"[0.85, 0.9)",10,7,1000,1550,70,155,3,1000,3170,30,317
644,6,C,"[0.9, 0.95)",12,4,1200,1130,33.33333333,94.16666667,3,1200,2690,25,224.1666667
645,6,C,"[0.95, 1.0)",6,0,600,0,0,0,0,600,0,0,0
646,6,C,"[1.0, 1.05)",4,0,400,0,0,0,0,400,0,0,0
647,6,C,"[1.05, 1.1)",1,0,100,0,0,0,0,100,0,0,0
648,6,C,"[1.15, 1.2)",1,0,100,0,0,0,0,100,0,0,0
649,6,C,"[1.2, 1.4)",1,0,100,0,0,0,0,100,0,0,0
650,6,C,"[1.4, 1.6)",1,0,100,0,0,0,0,100,0,0,0
651,6,D,"[0.0, 0.25)",2,0,200,0,0,0,0,200,0,0,0
652,6,D,"[0.25, 0.5)",22,3,2200,870,13.63636364,39.54545455,1,2200,3890,4.545454545,176.8181818
653,6,D,"[0.5, 0.75)",151,48,15100,12470,31.78807947,82.58278146,11,15100,11450,7.284768212,75.82781457
654,6,D,"[0.75, 0.8)",24,5,2400,1340,20.83333333,55.83333333,1,2400,590,4.166666667,24.58333333
655,6,D,"[0.8, 0.85)",9,2,900,710,22.22222222,78.88888889,0,900,0,0,0
656,6,D,"[0.85, 0.9)",19,4,1900,1400,21.05263158,73.68421053,2,1900,1080,10.52631579,56.84210526
657,6,D,"[0.9, 0.95)",8,2,800,1060,25,132.5,1,800,3140,12.5,392.5
658,6,D,"[0.95, 1.0)",5,2,500,1760,40,352,0,500,0,0,0
659,6,D,"[1.0, 1.05)",3,0,300,0,0,0,0,300,0,0,0
660,6,D,"[1.05, 1.1)",4,0,400,0,0,0,0,400,0,0,0
661,6,D,"[1.1, 1.15)",3,0,300,0,0,0,0,300,0,0,0
662,6,D,"[1.15, 1.2)",2,0,200,0,0,0,0,200,0,0,0
663,6,D,"[1.2, 1.4)",2,1,200,870,50,435,1,200,2700,50,1350
664,6,D,"[1.4, 1.6)",2,0,200,0,0,0,0,200,0,0,0
665,6,E,"[0.0, 0.25)",3,1,300,330,33.33333333,110,0,300,0,0,0
666,6,E,"[0.25, 0.5)",36,6,3600,2600,16.66666667,72.22222222,0,3600,0,0,0
667,6,E,"[0.5, 0.75)",150,21,15000,9260,14,61.73333333,12,15000,35370,8,235.8
668,6,E,"[0.75, 0.8)",38,7,3800,2220,18.42105263,58.42105263,2,3800,2540,5.263157895,66.84210526
669,6,E,"[0.8, 0.85)",29,4,2900,1390,13.79310345,47.93103448,0,2900,0,0,0
670,6,E,"[0.85, 0.9)",28,2,2800,850,7.142857143,30.35714286,0,2800,0,0,0
671,6,E,"[0.9, 0.95)",16,2,1600,740,12.5,46.25,1,1600,550,6.25,34.375
672,6,E,"[0.95, 1.0)",17,2,1700,740,11.76470588,43.52941176,0,1700,0,0,0
673,6,E,"[1.0, 1.05)",8,1,800,530,12.5,66.25,0,800,0,0,0
674,6,E,"[1.05, 1.1)",7,1,700,540,14.28571429,77.14285714,1,700,2350,14.28571429,335.7142857
675,6,E,"[1.1, 1.15)",3,1,300,480,33.33333333,160,0,300,0,0,0
676,6,E,"[1.15, 1.2)",5,1,500,680,20,136,0,500,0,0,0
677,6,E,"[1.2, 1.4)",12,0,1200,0,0,0,0,1200,0,0,0
678,6,E,"[1.4, 1.6)",2,0,200,0,0,0,0,200,0,0,0
679,6,E,"[2.0, 100.0)",3,0,300,0,0,0,0,300,0,0,0
680,6,F,"[0.0, 0.25)",29,0,2900,0,0,0,0,2900,0,0,0
681,6,F,"[0.25, 0.5)",129,8,12900,10280,6.201550388,79.68992248,3,12900,29710,2.325581395,230.3100775
682,6,F,"[0.5, 0.75)",172,15,17200,10710,8.720930233,62.26744186,7,17200,22420,4.069767442,130.3488372
683,6,F,"[0.75, 0.8)",22,6,2200,4590,27.27272727,208.6363636,1,2200,850,4.545454545,38.63636364
684,6,F,"[0.8, 0.85)",22,3,2200,3050,13.63636364,138.6363636,0,2200,0,0,0
685,6,F,"[0.85, 0.9)",18,1,1800,500,5.555555556,27.77777778,0,1800,0,0,0
686,6,F,"[0.9, 0.95)",14,1,1400,450,7.142857143,32.14285714,0,1400,0,0,0
687,6,F,"[0.95, 1.0)",9,1,900,1400,11.11111111,155.5555556,1,900,9430,11.11111111,1047.777778
688,6,F,"[1.0, 1.05)",7,0,700,0,0,0,0,700,0,0,0
689,6,F,"[1.05, 1.1)",5,0,500,0,0,0,0,500,0,0,0
690,6,F,"[1.1, 1.15)",3,1,300,670,33.33333333,223.3333333,0,300,0,0,0
691,6,F,"[1.15, 1.2)",3,0,300,0,0,0,0,300,0,0,0
692,6,F,"[1.2, 1.4)",4,0,400,0,0,0,0,400,0,0,0
693,6,F,"[2.0, 100.0)",3,0,300,0,0,0,0,300,0,0,0
694,6,G,"[0.0, 0.25)",74,6,7400,5370,8.108108108,72.56756757,3,7400,36840,4.054054054,497.8378378
695,6,G,"[0.25, 0.5)",150,7,15000,16780,4.666666667,111.8666667,0,15000,0,0,0
696,6,G,"[0.5, 0.75)",60,1,6000,880,1.666666667,14.66666667,1,6000,3580,1.666666667,59.66666667
697,6,G,"[0.75, 0.8)",10,1,1000,970,10,97,0,1000,0,0,0
698,6,G,"[0.8, 0.85)",5,0,500,0,0,0,0,500,0,0,0
699,6,G,"[0.85, 0.9)",2,0,200,0,0,0,0,200,0,0,0
700,6,G,"[0.9, 0.95)",9,0,900,0,0,0,0,900,0,0,0
701,6,G,"[0.95, 1.0)",5,0,500,0,0,0,0,500,0,0,0
702,6,G,"[1.0, 1.05)",1,0,100,0,0,0,0,100,0,0,0
703,6,G,"[1.05, 1.1)",2,0,200,0,0,0,0,200,0,0,0
704,6,G,"[1.1, 1.15)",1,0,100,0,0,0,0,100,0,0,0
705,6,G,"[1.15, 1.2)",1,1,100,1400,100,1400,0,100,0,0,0
706,6,G,"[1.2, 1.4)",3,0,300,0,0,0,0,300,0,0,0
707,6,G,"[1.4, 1.6)",1,1,100,140,100,140,0,100,0,0,0
708,6,G,"[1.6, 1.8)",1,0,100,0,0,0,0,100,0,0,0
709,7,SSS,"[0.5, 0.75)",1,1,100,110,100,110,1,100,300,100,300
710,7,SSS,"[0.85, 0.9)",1,1,100,110,100,110,0,100,0,0,0
711,7,SS,"[0.75, 0.8)",2,1,200,120,50,60,0,200,0,0,0
712,7,SS,"[0.9, 0.95)",2,2,200,270,100,135,1,200,270,50,135
713,7,S,"[0.0, 0.25)",3,2,300,620,66.66666667,206.6666667,0,300,0,0,0
714,7,S,"[0.5, 0.75)",34,20,3400,2540,58.82352941,74.70588235,8,3400,2210,23.52941176,65
715,7,S,"[0.75, 0.8)",9,6,900,860,66.66666667,95.55555556,3,900,740,33.33333333,82.22222222
716,7,S,"[0.8, 0.85)",5,4,500,440,80,88,2,500,370,40,74
717,7,S,"[0.85, 0.9)",11,6,1100,990,54.54545455,90,2,1100,500,18.18181818,45.45454545
718,7,S,"[0.9, 0.95)",1,0,100,0,0,0,0,100,0,0,0
719,7,S,"[2.0, 100.0)",2,0,200,0,0,0,0,200,0,0,0
720,7,AA,"[0.5, 0.75)",17,11,1700,1540,64.70588235,90.58823529,3,1700,1310,17.64705882,77.05882353
721,7,AA,"[0.75, 0.8)",9,3,900,380,33.33333333,42.22222222,0,900,0,0,0
722,7,AA,"[0.8, 0.85)",1,0,100,0,0,0,0,100,0,0,0
723,7,AA,"[0.85, 0.9)",6,6,600,820,100,136.6666667,4,600,960,66.66666667,160
724,7,AA,"[2.0, 100.0)",1,1,100,140,100,140,0,100,0,0,0
725,7,A,"[0.0, 0.25)",3,0,300,0,0,0,0,300,0,0,0
726,7,A,"[0.25, 0.5)",2,1,200,200,50,100,0,200,0,0,0
727,7,A,"[0.5, 0.75)",57,30,5700,4330,52.63157895,75.96491228,6,5700,2020,10.52631579,35.43859649
728,7,A,"[0.75, 0.8)",34,10,3400,1510,29.41176471,44.41176471,3,3400,1070,8.823529412,31.47058824
729,7,A,"[0.8, 0.85)",25,15,2500,2220,60,88.8,9,2500,2750,36,110
730,7,A,"[0.85, 0.9)",3,2,300,320,66.66666667,106.6666667,2,300,640,66.66666667,213.3333333
731,7,A,"[0.9, 0.95)",7,6,700,850,85.71428571,121.4285714,3,700,740,42.85714286,105.7142857
732,7,A,"[1.2, 1.4)",2,1,200,110,50,55,1,200,200,50,100
733,7,A,"[2.0, 100.0)",4,3,400,420,75,105,1,400,190,25,47.5
734,7,B,"[0.0, 0.25)",3,1,300,170,33.33333333,56.66666667,0,300,0,0,0
735,7,B,"[0.25, 0.5)",4,0,400,0,0,0,0,400,0,0,0
736,7,B,"[0.5, 0.75)",44,14,4400,2170,31.81818182,49.31818182,3,4400,780,6.818181818,17.72727273
737,7,B,"[0.75, 0.8)",26,14,2600,2000,53.84615385,76.92307692,9,2600,2570,34.61538462,98.84615385
738,7,B,"[0.8, 0.85)",22,10,2200,1650,45.45454545,75,4,2200,1790,18.18181818,81.36363636
739,7,B,"[0.85, 0.9)",13,5,1300,920,38.46153846,70.76923077,3,1300,1740,23.07692308,133.8461538
740,7,B,"[0.9, 0.95)",8,4,800,680,50,85,2,800,670,25,83.75
741,7,B,"[0.95, 1.0)",1,0,100,0,0,0,0,100,0,0,0
742,7,B,"[1.0, 1.05)",1,0,100,0,0,0,0,100,0,0,0
743,7,B,"[1.1, 1.15)",1,0,100,0,0,0,0,100,0,0,0
744,7,B,"[1.15, 1.2)",1,1,100,520,100,520,0,100,0,0,0
745,7,B,"[1.2, 1.4)",1,1,100,180,100,180,0,100,0,0,0
746,7,B,"[2.0, 100.0)",1,1,100,170,100,170,0,100,0,0,0
747,7,C,"[0.0, 0.25)",3,1,300,190,33.33333333,63.33333333,1,300,390,33.33333333,130
748,7,C,"[0.25, 0.5)",9,3,900,840,33.33333333,93.33333333,2,900,2690,22.22222222,298.8888889
749,7,C,"[0.5, 0.75)",96,40,9600,8810,41.66666667,91.77083333,13,9600,7940,13.54166667,82.70833333
750,7,C,"[0.75, 0.8)",20,7,2000,1550,35,77.5,0,2000,0,0,0
751,7,C,"[0.8, 0.85)",22,11,2200,2090,50,95,4,2200,1780,18.18181818,80.90909091
752,7,C,"[0.85, 0.9)",14,4,1400,830,28.57142857,59.28571429,2,1400,570,14.28571429,40.71428571
753,7,C,"[0.9, 0.95)",10,2,1000,590,20,59,0,1000,0,0,0
754,7,C,"[0.95, 1.0)",4,0,400,0,0,0,0,400,0,0,0
755,7,C,"[1.0, 1.05)",5,0,500,0,0,0,0,500,0,0,0
756,7,C,"[1.05, 1.1)",2,1,200,560,50,280,0,200,0,0,0
757,7,C,"[1.15, 1.2)",1,1,100,400,100,400,0,100,0,0,0
758,7,C,"[1.2, 1.4)",5,1,500,420,20,84,0,500,0,0,0
759,7,C,"[1.4, 1.6)",1,1,100,170,100,170,0,100,0,0,0
760,7,C,"[2.0, 100.0)",1,1,100,170,100,170,0,100,0,0,0
761,7,D,"[0.0, 0.25)",1,0,100,0,0,0,0,100,0,0,0
762,7,D,"[0.25, 0.5)",10,2,1000,850,20,85,0,1000,0,0,0
763,7,D,"[0.5, 0.75)",124,35,12400,9220,28.22580645,74.35483871,12,12400,12720,9.677419355,102.5806452
764,7,D,"[0.75, 0.8)",28,9,2800,2810,32.14285714,100.3571429,3,2800,2600,10.71428571,92.85714286
765,7,D,"[0.8, 0.85)",18,2,1800,570,11.11111111,31.66666667,0,1800,0,0,0
766,7,D,"[0.85, 0.9)",10,2,1000,1190,20,119,0,1000,0,0,0
767,7,D,"[0.9, 0.95)",10,3,1000,1420,30,142,1,1000,2600,10,260
768,7,D,"[0.95, 1.0)",8,0,800,0,0,0,0,800,0,0,0
769,7,D,"[1.0, 1.05)",2,0,200,0,0,0,0,200,0,0,0
770,7,D,"[1.05, 1.1)",1,1,100,760,100,760,0,100,0,0,0
771,7,D,"[1.1, 1.15)",1,0,100,0,0,0,0,100,0,0,0
772,7,D,"[1.15, 1.2)",1,1,100,1080,100,1080,0,100,0,0,0
773,7,D,"[1.2, 1.4)",4,1,400,530,25,132.5,0,400,0,0,0
774,7,D,"[2.0, 100.0)",7,1,700,220,14.28571429,31.42857143,0,700,0,0,0
775,7,E,"[0.0, 0.25)",7,0,700,0,0,0,0,700,0,0,0
776,7,E,"[0.25, 0.5)",25,4,2500,3570,16,142.8,2,2500,10710,8,428.4
777,7,E,"[0.5, 0.75)",150,20,15000,10140,13.33333333,67.6,7,15000,12090,4.666666667,80.6
778,7,E,"[0.75, 0.8)",42,6,4200,1930,14.28571429,45.95238095,2,4200,2160,4.761904762,51.42857143
779,7,E,"[0.8, 0.85)",33,7,3300,2480,21.21212121,75.15151515,1,3300,720,3.03030303,21.81818182
780,7,E,"[0.85, 0.9)",31,1,3100,330,3.225806452,10.64516129,1,3100,1060,3.225806452,34.19354839
781,7,E,"[0.9, 0.95)",20,3,2000,980,15,49,1,2000,740,5,37
782,7,E,"[0.95, 1.0)",16,3,1600,970,18.75,60.625,1,1600,970,6.25,60.625
783,7,E,"[1.0, 1.05)",13,1,1300,330,7.692307692,25.38461538,1,1300,920,7.692307692,70.76923077
784,7,E,"[1.05, 1.1)",8,3,800,1610,37.5,201.25,1,800,2260,12.5,282.5
785,7,E,"[1.1, 1.15)",3,1,300,600,33.33333333,200,1,300,2420,33.33333333,806.6666667
786,7,E,"[1.15, 1.2)",4,0,400,0,0,0,0,400,0,0,0
787,7,E,"[1.2, 1.4)",14,2,1400,1190,14.28571429,85,1,1400,2210,7.142857143,157.8571429
788,7,E,"[1.4, 1.6)",4,0,400,0,0,0,0,400,0,0,0
789,7,E,"[1.6, 1.8)",2,1,200,980,50,490,0,200,0,0,0
790,7,E,"[1.8, 2.0)",3,0,300,0,0,0,0,300,0,0,0
791,7,E,"[2.0, 100.0)",6,0,600,0,0,0,0,600,0,0,0
792,7,F,"[0.0, 0.25)",31,3,3100,3180,9.677419355,102.5806452,1,3100,3260,3.225806452,105.1612903
793,7,F,"[0.25, 0.5)",121,3,12100,2020,2.479338843,16.69421488,1,12100,390,0.826446281,3.223140496
794,7,F,"[0.5, 0.75)",191,19,19100,12830,9.947643979,67.17277487,4,19100,10060,2.094240838,52.67015707
795,7,F,"[0.75, 0.8)",27,5,2700,3620,18.51851852,134.0740741,2,2700,6840,7.407407407,253.3333333
796,7,F,"[0.8, 0.85)",16,1,1600,410,6.25,25.625,0,1600,0,0,0
797,7,F,"[0.85, 0.9)",18,1,1800,510,5.555555556,28.33333333,1,1800,1780,5.555555556,98.88888889
798,7,F,"[0.9, 0.95)",14,2,1400,760,14.28571429,54.28571429,0,1400,0,0,0
799,7,F,"[0.95, 1.0)",13,2,1300,970,15.38461538,74.61538462,1,1300,790,7.692307692,60.76923077
800,7,F,"[1.0, 1.05)",3,0,300,0,0,0,0,300,0,0,0
801,7,F,"[1.05, 1.1)",3,0,300,0,0,0,0,300,0,0,0
802,7,F,"[1.1, 1.15)",4,0,400,0,0,0,0,400,0,0,0
803,7,F,"[1.15, 1.2)",2,0,200,0,0,0,0,200,0,0,0
804,7,F,"[1.2, 1.4)",6,0,600,0,0,0,0,600,0,0,0
805,7,F,"[1.4, 1.6)",1,0,100,0,0,0,0,100,0,0,0
806,7,F,"[1.6, 1.8)",1,0,100,0,0,0,0,100,0,0,0
807,7,G,"[0.0, 0.25)",60,3,6000,4060,5,67.66666667,0,6000,0,0,0
808,7,G,"[0.25, 0.5)",106,6,10600,11630,5.660377358,109.7169811,1,10600,19510,0.943396226,184.0566038
809,7,G,"[0.5, 0.75)",60,3,6000,3080,5,51.33333333,2,6000,9400,3.333333333,156.6666667
810,7,G,"[0.75, 0.8)",11,0,1100,0,0,0,0,1100,0,0,0
811,7,G,"[0.8, 0.85)",10,2,1000,420,20,42,1,1000,740,10,74
812,7,G,"[0.85, 0.9)",2,0,200,0,0,0,0,200,0,0,0
813,7,G,"[0.9, 0.95)",2,1,200,830,50,415,0,200,0,0,0
814,7,G,"[0.95, 1.0)",5,0,500,0,0,0,0,500,0,0,0
815,7,G,"[1.0, 1.05)",1,0,100,0,0,0,0,100,0,0,0
816,7,G,"[1.05, 1.1)",3,0,300,0,0,0,0,300,0,0,0
817,7,G,"[1.1, 1.15)",2,0,200,0,0,0,0,200,0,0,0
818,7,G,"[1.2, 1.4)",1,0,100,0,0,0,0,100,0,0,0
819,7,G,"[1.4, 1.6)",1,0,100,0,0,0,0,100,0,0,0
820,7,G,"[2.0, 100.0)",1,0,100,0,0,0,0,100,0,0,0
821,8,SSS,"[0.75, 0.8)",3,3,300,330,100,110,2,300,320,66.66666667,106.6666667
822,8,SSS,"[0.85, 0.9)",5,3,500,340,60,68,2,500,410,40,82
823,8,SSS,"[0.95, 1.0)",3,3,300,330,100,110,3,300,410,100,136.6666667
824,8,SSS,"[2.0, 100.0)",1,1,100,110,100,110,1,100,150,100,150
825,8,SS,"[0.5, 0.75)",1,1,100,140,100,140,1,100,320,100,320
826,8,SS,"[0.8, 0.85)",9,8,900,890,88.88888889,98.88888889,5,900,1060,55.55555556,117.7777778
827,8,SS,"[0.9, 0.95)",2,2,200,200,100,100,1,200,110,50,55
828,8,S,"[0.0, 0.25)",1,0,100,0,0,0,0,100,0,0,0
829,8,S,"[0.5, 0.75)",26,19,2600,2240,73.07692308,86.15384615,5,2600,1150,19.23076923,44.23076923
830,8,S,"[0.75, 0.8)",13,10,1300,1360,76.92307692,104.6153846,5,1300,1260,38.46153846,96.92307692
831,8,S,"[0.8, 0.85)",27,21,2700,2360,77.77777778,87.40740741,10,2700,1690,37.03703704,62.59259259
832,8,S,"[0.85, 0.9)",7,6,700,760,85.71428571,108.5714286,5,700,920,71.42857143,131.4285714
833,8,S,"[0.9, 0.95)",2,1,200,110,50,55,1,200,240,50,120
834,8,S,"[0.95, 1.0)",2,2,200,220,100,110,2,200,280,100,140
835,8,S,"[2.0, 100.0)",3,3,300,360,100,120,1,300,440,33.33333333,146.6666667
836,8,AA,"[0.25, 0.5)",2,0,200,0,0,0,0,200,0,0,0
837,8,AA,"[0.5, 0.75)",6,5,600,630,83.33333333,105,2,600,620,33.33333333,103.3333333
838,8,AA,"[0.75, 0.8)",14,13,1400,1660,92.85714286,118.5714286,5,1400,1190,35.71428571,85
839,8,AA,"[0.8, 0.85)",1,1,100,150,100,150,1,100,420,100,420
840,8,AA,"[0.85, 0.9)",9,5,900,640,55.55555556,71.11111111,5,900,1050,55.55555556,116.6666667
841,8,AA,"[0.95, 1.0)",2,1,200,140,50,70,0,200,0,0,0
842,8,AA,"[2.0, 100.0)",1,1,100,120,100,120,0,100,0,0,0
843,8,A,"[0.0, 0.25)",2,0,200,0,0,0,0,200,0,0,0
844,8,A,"[0.25, 0.5)",2,1,200,230,50,115,0,200,0,0,0
845,8,A,"[0.5, 0.75)",55,32,5500,4760,58.18181818,86.54545455,8,5500,2930,14.54545455,53.27272727
846,8,A,"[0.75, 0.8)",14,8,1400,1230,57.14285714,87.85714286,3,1400,1250,21.42857143,89.28571429
847,8,A,"[0.8, 0.85)",13,6,1300,850,46.15384615,65.38461538,3,1300,1030,23.07692308,79.23076923
848,8,A,"[0.85, 0.9)",17,11,1700,1880,64.70588235,110.5882353,6,1700,1820,35.29411765,107.0588235
849,8,A,"[0.9, 0.95)",3,1,300,210,33.33333333,70,0,300,0,0,0
850,8,A,"[0.95, 1.0)",1,1,100,180,100,180,0,100,0,0,0
851,8,A,"[2.0, 100.0)",5,5,500,630,100,126,1,500,240,20,48
852,8,B,"[0.0, 0.25)",1,0,100,0,0,0,0,100,0,0,0
853,8,B,"[0.25, 0.5)",10,2,1000,1070,20,107,1,1000,1790,10,179
854,8,B,"[0.5, 0.75)",51,20,5100,3590,39.21568627,70.39215686,9,5100,5780,17.64705882,113.3333333
855,8,B,"[0.75, 0.8)",10,4,1000,780,40,78,2,1000,900,20,90
856,8,B,"[0.8, 0.85)",10,5,1000,880,50,88,3,1000,1140,30,114
857,8,B,"[0.85, 0.9)",6,3,600,450,50,75,1,600,180,16.66666667,30
858,8,B,"[0.9, 0.95)",4,2,400,330,50,82.5,1,400,260,25,65
859,8,B,"[0.95, 1.0)",1,0,100,0,0,0,0,100,0,0,0
860,8,B,"[1.2, 1.4)",1,0,100,0,0,0,0,100,0,0,0
861,8,B,"[2.0, 100.0)",1,0,100,0,0,0,0,100,0,0,0
862,8,C,"[0.25, 0.5)",20,10,2000,2590,50,129.5,1,2000,1170,5,58.5
863,8,C,"[0.5, 0.75)",111,50,11100,11990,45.04504505,108.018018,16,11100,11550,14.41441441,104.0540541
864,8,C,"[0.75, 0.8)",17,9,1700,3240,52.94117647,190.5882353,2,1700,3310,11.76470588,194.7058824
865,8,C,"[0.8, 0.85)",7,1,700,300,14.28571429,42.85714286,1,700,1220,14.28571429,174.2857143
866,8,C,"[0.85, 0.9)",7,0,700,0,0,0,0,700,0,0,0
867,8,C,"[0.9, 0.95)",7,0,700,0,0,0,0,700,0,0,0
868,8,C,"[0.95, 1.0)",2,0,200,0,0,0,0,200,0,0,0
869,8,C,"[1.05, 1.1)",1,0,100,0,0,0,0,100,0,0,0
870,8,C,"[1.2, 1.4)",1,0,100,0,0,0,0,100,0,0,0
871,8,C,"[2.0, 100.0)",1,0,100,0,0,0,0,100,0,0,0
872,8,D,"[0.0, 0.25)",2,0,200,0,0,0,0,200,0,0,0
873,8,D,"[0.25, 0.5)",35,14,3500,5110,40,146,3,3500,7460,8.571428571,213.1428571
874,8,D,"[0.5, 0.75)",129,24,12900,7590,18.60465116,58.8372093,6,12900,9070,4.651162791,70.31007752
875,8,D,"[0.75, 0.8)",20,2,2000,540,10,27,0,2000,0,0,0
876,8,D,"[0.8, 0.85)",12,2,1200,520,16.66666667,43.33333333,0,1200,0,0,0
877,8,D,"[0.85, 0.9)",7,1,700,290,14.28571429,41.42857143,1,700,890,14.28571429,127.1428571
878,8,D,"[0.9, 0.95)",6,1,600,510,16.66666667,85,0,600,0,0,0
879,8,D,"[0.95, 1.0)",3,1,300,510,33.33333333,170,0,300,0,0,0
880,8,D,"[1.0, 1.05)",1,0,100,0,0,0,0,100,0,0,0
881,8,D,"[1.05, 1.1)",1,0,100,0,0,0,0,100,0,0,0
882,8,D,"[1.1, 1.15)",2,0,200,0,0,0,0,200,0,0,0
883,8,D,"[1.15, 1.2)",3,0,300,0,0,0,0,300,0,0,0
884,8,D,"[1.2, 1.4)",2,0,200,0,0,0,0,200,0,0,0
885,8,D,"[1.4, 1.6)",1,0,100,0,0,0,0,100,0,0,0
886,8,D,"[2.0, 100.0)",5,3,500,660,60,132,1,500,860,20,172
887,8,E,"[0.0, 0.25)",4,1,400,280,25,70,0,400,0,0,0
888,8,E,"[0.25, 0.5)",72,10,7200,6300,13.88888889,87.5,3,7200,7860,4.166666667,109.1666667
889,8,E,"[0.5, 0.75)",166,23,16600,11930,13.85542169,71.86746988,4,16600,9540,2.409638554,57.46987952
890,8,E,"[0.75, 0.8)",26,5,2600,2070,19.23076923,79.61538462,0,2600,0,0,0
891,8,E,"[0.8, 0.85)",20,0,2000,0,0,0,0,2000,0,0,0
892,8,E,"[0.85, 0.9)",17,2,1700,630,11.76470588,37.05882353,1,1700,1960,5.882352941,115.2941176
893,8,E,"[0.9, 0.95)",17,2,1700,1170,11.76470588,68.82352941,1,1700,700,5.882352941,41.17647059
894,8,E,"[0.95, 1.0)",10,1,1000,270,10,27,1,1000,980,10,98
895,8,E,"[1.0, 1.05)",8,3,800,1380,37.5,172.5,0,800,0,0,0
896,8,E,"[1.05, 1.1)",5,2,500,910,40,182,0,500,0,0,0
897,8,E,"[1.1, 1.15)",5,1,500,510,20,102,0,500,0,0,0
898,8,E,"[1.15, 1.2)",1,0,100,0,0,0,0,100,0,0,0
899,8,E,"[1.2, 1.4)",4,1,400,650,25,162.5,0,400,0,0,0
900,8,E,"[1.4, 1.6)",1,0,100,0,0,0,0,100,0,0,0
901,8,E,"[2.0, 100.0)",3,0,300,0,0,0,0,300,0,0,0
902,8,F,"[0.0, 0.25)",44,1,4400,1430,2.272727273,32.5,0,4400,0,0,0
903,8,F,"[0.25, 0.5)",165,10,16500,10650,6.060606061,64.54545455,0,16500,0,0,0
904,8,F,"[0.5, 0.75)",172,12,17200,11060,6.976744186,64.30232558,2,17200,3630,1.162790698,21.10465116
905,8,F,"[0.75, 0.8)",19,2,1900,930,10.52631579,48.94736842,1,1900,1510,5.263157895,79.47368421
906,8,F,"[0.8, 0.85)",16,1,1600,400,6.25,25,0,1600,0,0,0
907,8,F,"[0.85, 0.9)",16,1,1600,930,6.25,58.125,0,1600,0,0,0
908,8,F,"[0.9, 0.95)",8,0,800,0,0,0,0,800,0,0,0
909,8,F,"[0.95, 1.0)",6,2,600,900,33.33333333,150,0,600,0,0,0
910,8,F,"[1.0, 1.05)",4,0,400,0,0,0,0,400,0,0,0
911,8,F,"[1.05, 1.1)",2,0,200,0,0,0,0,200,0,0,0
912,8,F,"[1.1, 1.15)",2,0,200,0,0,0,0,200,0,0,0
913,8,F,"[1.2, 1.4)",1,0,100,0,0,0,0,100,0,0,0
914,8,F,"[1.4, 1.6)",1,0,100,0,0,0,0,100,0,0,0
915,8,F,"[2.0, 100.0)",2,0,200,0,0,0,0,200,0,0,0
916,8,G,"[0.0, 0.25)",77,5,7700,12090,6.493506494,157.012987,1,7700,20720,1.298701299,269.0909091
917,8,G,"[0.25, 0.5)",141,7,14100,21930,4.964539007,155.5319149,1,14100,6410,0.709219858,45.46099291
918,8,G,"[0.5, 0.75)",43,2,4300,1070,4.651162791,24.88372093,0,4300,0,0,0
919,8,G,"[0.75, 0.8)",5,0,500,0,0,0,0,500,0,0,0
920,8,G,"[0.8, 0.85)",6,0,600,0,0,0,0,600,0,0,0
921,8,G,"[0.85, 0.9)",2,0,200,0,0,0,0,200,0,0,0
922,8,G,"[0.9, 0.95)",4,0,400,0,0,0,0,400,0,0,0
923,8,G,"[0.95, 1.0)",1,0,100,0,0,0,0,100,0,0,0
924,8,G,"[1.0, 1.05)",4,0,400,0,0,0,0,400,0,0,0
925,8,G,"[1.05, 1.1)",1,0,100,0,0,0,0,100,0,0,0
926,8,G,"[1.1, 1.15)",1,0,100,0,0,0,0,100,0,0,0
927,8,G,"[1.4, 1.6)",1,0,100,0,0,0,0,100,0,0,0
928,8,G,"[2.0, 100.0)",2,0,200,0,0,0,0,200,0,0,0
929,9,SSS,"[0.75, 0.8)",1,0,100,0,0,0,0,100,0,0,0
930,9,SSS,"[0.8, 0.85)",1,1,100,100,100,100,1,100,110,100,110
931,9,SSS,"[0.85, 0.9)",4,3,400,330,75,82.5,2,400,220,50,55
932,9,SSS,"[0.95, 1.0)",4,3,400,330,75,82.5,2,400,280,50,70
933,9,SS,"[0.8, 0.85)",6,5,600,560,83.33333333,93.33333333,4,600,680,66.66666667,113.3333333
934,9,SS,"[0.9, 0.95)",4,2,400,220,50,55,1,400,140,25,35
935,9,SS,"[1.2, 1.4)",1,1,100,110,100,110,0,100,0,0,0
936,9,S,"[0.0, 0.25)",1,1,100,2700,100,2700,0,100,0,0,0
937,9,S,"[0.5, 0.75)",10,6,1000,780,60,78,3,1000,600,30,60
938,9,S,"[0.75, 0.8)",7,6,700,730,85.71428571,104.2857143,3,700,620,42.85714286,88.57142857
939,9,S,"[0.8, 0.85)",22,17,2200,1890,77.27272727,85.90909091,11,2200,1860,50,84.54545455
940,9,S,"[0.85, 0.9)",6,5,600,570,83.33333333,95,4,600,510,66.66666667,85
941,9,S,"[0.9, 0.95)",2,2,200,270,100,135,1,200,190,50,95
942,9,S,"[0.95, 1.0)",5,5,500,690,100,138,4,500,560,80,112
943,9,S,"[2.0, 100.0)",2,2,200,240,100,120,1,200,240,50,120
944,9,AA,"[0.0, 0.25)",1,0,100,0,0,0,0,100,0,0,0
945,9,AA,"[0.5, 0.75)",2,1,200,120,50,60,0,200,0,0,0
946,9,AA,"[0.75, 0.8)",5,2,500,230,40,46,2,500,470,40,94
947,9,AA,"[0.8, 0.85)",2,0,200,0,0,0,0,200,0,0,0
948,9,AA,"[0.85, 0.9)",5,4,500,470,80,94,1,500,170,20,34
949,9,AA,"[0.9, 0.95)",2,1,200,230,50,115,1,200,390,50,195
950,9,AA,"[0.95, 1.0)",1,1,100,110,100,110,0,100,0,0,0
951,9,AA,"[2.0, 100.0)",1,1,100,150,100,150,0,100,0,0,0
952,9,A,"[0.0, 0.25)",1,0,100,0,0,0,0,100,0,0,0
953,9,A,"[0.25, 0.5)",3,1,300,150,33.33333333,50,0,300,0,0,0
954,9,A,"[0.5, 0.75)",31,14,3100,2520,45.16129032,81.29032258,1,3100,600,3.225806452,19.35483871
955,9,A,"[0.75, 0.8)",8,2,800,340,25,42.5,1,800,320,12.5,40
956,9,A,"[0.8, 0.85)",6,4,600,530,66.66666667,88.33333333,2,600,570,33.33333333,95
957,9,A,"[0.85, 0.9)",1,1,100,200,100,200,1,100,450,100,450
958,9,A,"[0.9, 0.95)",5,3,500,370,60,74,2,500,430,40,86
959,9,A,"[1.05, 1.1)",2,0,200,0,0,0,0,200,0,0,0
960,9,A,"[1.2, 1.4)",1,0,100,0,0,0,0,100,0,0,0
961,9,A,"[1.6, 1.8)",1,1,100,110,100,110,1,100,210,100,210
962,9,A,"[2.0, 100.0)",5,3,500,410,60,82,0,500,0,0,0
963,9,B,"[0.0, 0.25)",1,0,100,0,0,0,0,100,0,0,0
964,9,B,"[0.25, 0.5)",6,1,600,160,16.66666667,26.66666667,0,600,0,0,0
965,9,B,"[0.5, 0.75)",55,27,5500,5300,49.09090909,96.36363636,9,5500,5180,16.36363636,94.18181818
966,9,B,"[0.75, 0.8)",9,4,900,780,44.44444444,86.66666667,1,900,220,11.11111111,24.44444444
967,9,B,"[0.8, 0.85)",10,6,1000,1070,60,107,2,1000,1000,20,100
968,9,B,"[0.85, 0.9)",10,5,1000,930,50,93,4,1000,1530,40,153
969,9,B,"[0.9, 0.95)",1,1,100,160,100,160,1,100,290,100,290
970,9,B,"[0.95, 1.0)",3,1,300,200,33.33333333,66.66666667,1,300,470,33.33333333,156.6666667
971,9,B,"[1.1, 1.15)",1,0,100,0,0,0,0,100,0,0,0
972,9,B,"[1.15, 1.2)",2,1,200,280,50,140,1,200,900,50,450
973,9,B,"[1.2, 1.4)",1,0,100,0,0,0,0,100,0,0,0
974,9,B,"[1.4, 1.6)",1,0,100,0,0,0,0,100,0,0,0
975,9,B,"[2.0, 100.0)",4,3,400,450,75,112.5,0,400,0,0,0
976,9,C,"[0.0, 0.25)",1,0,100,0,0,0,0,100,0,0,0
977,9,C,"[0.25, 0.5)",17,4,1700,810,23.52941176,47.64705882,0,1700,0,0,0
978,9,C,"[0.5, 0.75)",100,42,10000,12430,42,124.3,14,10000,13000,14,130
979,9,C,"[0.75, 0.8)",9,3,900,690,33.33333333,76.66666667,0,900,0,0,0
980,9,C,"[0.8, 0.85)",10,3,1000,760,30,76,1,1000,420,10,42
981,9,C,"[0.85, 0.9)",5,1,500,160,20,32,0,500,0,0,0
982,9,C,"[0.9, 0.95)",4,1,400,120,25,30,0,400,0,0,0
983,9,C,"[0.95, 1.0)",2,1,200,190,50,95,1,200,460,50,230
984,9,C,"[1.05, 1.1)",1,1,100,310,100,310,0,100,0,0,0
985,9,C,"[1.2, 1.4)",2,0,200,0,0,0,0,200,0,0,0
986,9,C,"[1.8, 2.0)",1,0,100,0,0,0,0,100,0,0,0
987,9,C,"[2.0, 100.0)",1,0,100,0,0,0,0,100,0,0,0
988,9,D,"[0.0, 0.25)",3,0,300,0,0,0,0,300,0,0,0
989,9,D,"[0.25, 0.5)",35,8,3500,3450,22.85714286,98.57142857,2,3500,2360,5.714285714,67.42857143
990,9,D,"[0.5, 0.75)",99,21,9900,6630,21.21212121,66.96969697,7,9900,8320,7.070707071,84.04040404
991,9,D,"[0.75, 0.8)",9,2,900,590,22.22222222,65.55555556,1,900,1540,11.11111111,171.1111111
992,9,D,"[0.8, 0.85)",5,2,500,1240,40,248,1,500,820,20,164
993,9,D,"[0.85, 0.9)",2,1,200,350,50,175,1,200,800,50,400
994,9,D,"[0.9, 0.95)",6,0,600,0,0,0,0,600,0,0,0
995,9,D,"[0.95, 1.0)",3,0,300,0,0,0,0,300,0,0,0
996,9,D,"[1.05, 1.1)",3,0,300,0,0,0,0,300,0,0,0
997,9,D,"[1.4, 1.6)",2,1,200,330,50,165,0,200,0,0,0
998,9,D,"[1.8, 2.0)",1,0,100,0,0,0,0,100,0,0,0
999,9,D,"[2.0, 100.0)",2,1,200,170,50,85,0,200,0,0,0
1000,9,E,"[0.0, 0.25)",3,0,300,0,0,0,0,300,0,0,0
1001,9,E,"[0.25, 0.5)",56,16,5600,10660,28.57142857,190.3571429,1,5600,7920,1.785714286,141.4285714
1002,9,E,"[0.5, 0.75)",124,27,12400,18860,21.77419355,152.0967742,7,12400,20520,5.64516129,165.483871
1003,9,E,"[0.75, 0.8)",17,3,1700,1090,17.64705882,64.11764706,0,1700,0,0,0
1004,9,E,"[0.8, 0.85)",18,2,1800,840,11.11111111,46.66666667,0,1800,0,0,0
1005,9,E,"[0.85, 0.9)",9,4,900,1640,44.44444444,182.2222222,0,900,0,0,0
1006,9,E,"[0.9, 0.95)",13,2,1300,1560,15.38461538,120,0,1300,0,0,0
1007,9,E,"[0.95, 1.0)",11,4,1100,3380,36.36363636,307.2727273,1,1100,4670,9.090909091,424.5454545
1008,9,E,"[1.0, 1.05)",8,2,800,1020,25,127.5,0,800,0,0,0
1009,9,E,"[1.05, 1.1)",3,0,300,0,0,0,0,300,0,0,0
1010,9,E,"[1.1, 1.15)",4,0,400,0,0,0,0,400,0,0,0
1011,9,E,"[1.15, 1.2)",2,0,200,0,0,0,0,200,0,0,0
1012,9,E,"[1.2, 1.4)",4,0,400,0,0,0,0,400,0,0,0
1013,9,E,"[2.0, 100.0)",3,0,300,0,0,0,0,300,0,0,0
1014,9,F,"[0.0, 0.25)",31,1,3100,400,3.225806452,12.90322581,0,3100,0,0,0
1015,9,F,"[0.25, 0.5)",105,4,10500,4010,3.80952381,38.19047619,1,10500,2480,0.952380952,23.61904762
1016,9,F,"[0.5, 0.75)",92,6,9200,4340,6.52173913,47.17391304,1,9200,4350,1.086956522,47.2826087
1017,9,F,"[0.75, 0.8)",9,1,900,1150,11.11111111,127.7777778,0,900,0,0,0
1018,9,F,"[0.8, 0.85)",11,0,1100,0,0,0,0,1100,0,0,0
1019,9,F,"[0.85, 0.9)",3,0,300,0,0,0,0,300,0,0,0
1020,9,F,"[0.9, 0.95)",4,1,400,450,25,112.5,0,400,0,0,0
1021,9,F,"[0.95, 1.0)",5,0,500,0,0,0,0,500,0,0,0
1022,9,F,"[1.0, 1.05)",3,0,300,0,0,0,0,300,0,0,0
1023,9,F,"[1.1, 1.15)",3,0,300,0,0,0,0,300,0,0,0
1024,9,F,"[1.2, 1.4)",3,0,300,0,0,0,0,300,0,0,0
1025,9,F,"[1.4, 1.6)",1,0,100,0,0,0,0,100,0,0,0
1026,9,G,"[0.0, 0.25)",35,0,3500,0,0,0,0,3500,0,0,0
1027,9,G,"[0.25, 0.5)",73,3,7300,5180,4.109589041,70.95890411,0,7300,0,0,0
1028,9,G,"[0.5, 0.75)",38,0,3800,0,0,0,0,3800,0,0,0
1029,9,G,"[0.75, 0.8)",8,0,800,0,0,0,0,800,0,0,0
1030,9,G,"[0.8, 0.85)",4,0,400,0,0,0,0,400,0,0,0
1031,9,G,"[0.85, 0.9)",5,0,500,0,0,0,0,500,0,0,0
1032,9,G,"[0.9, 0.95)",3,0,300,0,0,0,0,300,0,0,0
1033,9,G,"[1.0, 1.05)",2,0,200,0,0,0,0,200,0,0,0
1034,9,G,"[1.1, 1.15)",2,0,200,0,0,0,0,200,0,0,0
1035,9,G,"[1.2, 1.4)",1,0,100,0,0,0,0,100,0,0,0
1036,10,SSS,"[0.5, 0.75)",1,0,100,0,0,0,0,100,0,0,0
1037,10,SSS,"[0.75, 0.8)",2,2,200,220,100,110,2,200,330,100,165
1038,10,SSS,"[0.85, 0.9)",2,2,200,200,100,100,1,200,120,50,60
1039,10,SSS,"[1.2, 1.4)",1,1,100,110,100,110,1,100,150,100,150
1040,10,SS,"[0.8, 0.85)",2,2,200,220,100,110,1,200,200,50,100
1041,10,SS,"[0.9, 0.95)",2,2,200,220,100,110,1,200,210,50,105
1042,10,SS,"[1.2, 1.4)",1,1,100,150,100,150,0,100,0,0,0
1043,10,S,"[0.0, 0.25)",1,0,100,0,0,0,0,100,0,0,0
1044,10,S,"[0.5, 0.75)",42,25,4200,3070,59.52380952,73.0952381,11,4200,3110,26.19047619,74.04761905
1045,10,S,"[0.75, 0.8)",14,8,1400,1120,57.14285714,80,5,1400,1400,35.71428571,100
1046,10,S,"[0.8, 0.85)",12,11,1200,1210,91.66666667,100.8333333,3,1200,530,25,44.16666667
1047,10,S,"[0.85, 0.9)",2,1,200,210,50,105,0,200,0,0,0
1048,10,S,"[0.9, 0.95)",3,1,300,150,33.33333333,50,1,300,190,33.33333333,63.33333333
1049,10,S,"[0.95, 1.0)",4,2,400,220,50,55,1,400,140,25,35
1050,10,S,"[1.4, 1.6)",2,1,200,120,50,60,1,200,250,50,125
1051,10,S,"[1.6, 1.8)",1,1,100,110,100,110,0,100,0,0,0
1052,10,S,"[2.0, 100.0)",2,1,200,110,50,55,0,200,0,0,0
1053,10,AA,"[0.25, 0.5)",1,1,100,330,100,330,0,100,0,0,0
1054,10,AA,"[0.5, 0.75)",10,8,1000,1270,80,127,3,1000,1030,30,103
1055,10,AA,"[0.75, 0.8)",5,3,500,390,60,78,0,500,0,0,0
1056,10,AA,"[0.8, 0.85)",1,0,100,0,0,0,0,100,0,0,0
1057,10,AA,"[0.85, 0.9)",5,4,500,490,80,98,0,500,0,0,0
1058,10,AA,"[2.0, 100.0)",3,2,300,240,66.66666667,80,1,300,230,33.33333333,76.66666667
1059,10,A,"[0.0, 0.25)",1,0,100,0,0,0,0,100,0,0,0
1060,10,A,"[0.25, 0.5)",3,2,300,420,66.66666667,140,0,300,0,0,0
1061,10,A,"[0.5, 0.75)",62,39,6200,6280,62.90322581,101.2903226,22,6200,8240,35.48387097,132.9032258
1062,10,A,"[0.75, 0.8)",17,9,1700,1570,52.94117647,92.35294118,5,1700,1820,29.41176471,107.0588235
1063,10,A,"[0.8, 0.85)",13,5,1300,690,38.46153846,53.07692308,5,1300,1560,38.46153846,120
1064,10,A,"[0.85, 0.9)",7,3,700,480,42.85714286,68.57142857,2,700,640,28.57142857,91.42857143
1065,10,A,"[0.9, 0.95)",3,2,300,220,66.66666667,73.33333333,2,300,360,66.66666667,120
1066,10,A,"[0.95, 1.0)",1,1,100,180,100,180,1,100,360,100,360
1067,10,A,"[1.0, 1.05)",2,2,200,270,100,135,1,200,250,50,125
1068,10,A,"[1.2, 1.4)",3,0,300,0,0,0,0,300,0,0,0
1069,10,A,"[1.4, 1.6)",1,1,100,190,100,190,1,100,510,100,510
1070,10,A,"[1.8, 2.0)",1,0,100,0,0,0,0,100,0,0,0
1071,10,A,"[2.0, 100.0)",5,1,500,110,20,22,0,500,0,0,0
1072,10,B,"[0.0, 0.25)",2,0,200,0,0,0,0,200,0,0,0
1073,10,B,"[0.25, 0.5)",9,6,900,1820,66.66666667,202.2222222,2,900,1720,22.22222222,191.1111111
1074,10,B,"[0.5, 0.75)",50,28,5000,4510,56,90.2,5,5000,2710,10,54.2
1075,10,B,"[0.75, 0.8)",12,6,1200,860,50,71.66666667,2,1200,500,16.66666667,41.66666667
1076,10,B,"[0.8, 0.85)",7,4,700,640,57.14285714,91.42857143,2,700,820,28.57142857,117.1428571
1077,10,B,"[0.85, 0.9)",6,5,600,880,83.33333333,146.6666667,2,600,950,33.33333333,158.3333333
1078,10,B,"[0.9, 0.95)",1,1,100,200,100,200,0,100,0,0,0
1079,10,B,"[1.2, 1.4)",1,0,100,0,0,0,0,100,0,0,0
1080,10,B,"[1.4, 1.6)",1,0,100,0,0,0,0,100,0,0,0
1081,10,B,"[2.0, 100.0)",1,0,100,0,0,0,0,100,0,0,0
1082,10,C,"[0.0, 0.25)",1,1,100,260,100,260,0,100,0,0,0
1083,10,C,"[0.25, 0.5)",13,3,1300,710,23.07692308,54.61538462,1,1300,890,7.692307692,68.46153846
1084,10,C,"[0.5, 0.75)",78,26,7800,5170,33.33333333,66.28205128,8,7800,4220,10.25641026,54.1025641
1085,10,C,"[0.75, 0.8)",9,3,900,470,33.33333333,52.22222222,0,900,0,0,0
1086,10,C,"[0.8, 0.85)",6,0,600,0,0,0,0,600,0,0,0
1087,10,C,"[0.85, 0.9)",6,0,600,0,0,0,0,600,0,0,0
1088,10,C,"[0.9, 0.95)",2,1,200,310,50,155,0,200,0,0,0
1089,10,C,"[0.95, 1.0)",1,0,100,0,0,0,0,100,0,0,0
1090,10,C,"[1.2, 1.4)",1,0,100,0,0,0,0,100,0,0,0
1091,10,C,"[1.4, 1.6)",1,1,100,170,100,170,0,100,0,0,0
1092,10,C,"[1.6, 1.8)",1,0,100,0,0,0,0,100,0,0,0
1093,10,C,"[2.0, 100.0)",4,1,400,210,25,52.5,0,400,0,0,0
1094,10,D,"[0.0, 0.25)",1,0,100,0,0,0,0,100,0,0,0
1095,10,D,"[0.25, 0.5)",23,2,2300,730,8.695652174,31.73913043,0,2300,0,0,0
1096,10,D,"[0.5, 0.75)",81,22,8100,8640,27.16049383,106.6666667,7,8100,8620,8.641975309,106.4197531
1097,10,D,"[0.75, 0.8)",12,5,1200,2100,41.66666667,175,1,1200,3460,8.333333333,288.3333333
1098,10,D,"[0.8, 0.85)",7,2,700,870,28.57142857,124.2857143,1,700,1390,14.28571429,198.5714286
1099,10,D,"[0.85, 0.9)",8,1,800,610,12.5,76.25,0,800,0,0,0
1100,10,D,"[0.9, 0.95)",4,1,400,350,25,87.5,0,400,0,0,0
1101,10,D,"[0.95, 1.0)",2,0,200,0,0,0,0,200,0,0,0
1102,10,D,"[1.05, 1.1)",2,0,200,0,0,0,0,200,0,0,0
1103,10,D,"[1.4, 1.6)",2,1,200,230,50,115,0,200,0,0,0
1104,10,D,"[2.0, 100.0)",1,0,100,0,0,0,0,100,0,0,0
1105,10,E,"[0.0, 0.25)",13,2,1300,2200,15.38461538,169.2307692,0,1300,0,0,0
1106,10,E,"[0.25, 0.5)",51,8,5100,6760,15.68627451,132.5490196,0,5100,0,0,0
1107,10,E,"[0.5, 0.75)",112,17,11200,8030,15.17857143,71.69642857,4,11200,7500,3.571428571,66.96428571
1108,10,E,"[0.75, 0.8)",18,6,1800,4060,33.33333333,225.5555556,1,1800,11350,5.555555556,630.5555556
1109,10,E,"[0.8, 0.85)",18,2,1800,1240,11.11111111,68.88888889,1,1800,720,5.555555556,40
1110,10,E,"[0.85, 0.9)",14,0,1400,0,0,0,0,1400,0,0,0
1111,10,E,"[0.9, 0.95)",6,1,600,500,16.66666667,83.33333333,0,600,0,0,0
1112,10,E,"[0.95, 1.0)",12,1,1200,500,8.333333333,41.66666667,0,1200,0,0,0
1113,10,E,"[1.0, 1.05)",4,2,400,890,50,222.5,0,400,0,0,0
1114,10,E,"[1.05, 1.1)",6,1,600,540,16.66666667,90,1,600,2200,16.66666667,366.6666667
1115,10,E,"[1.1, 1.15)",2,0,200,0,0,0,0,200,0,0,0
1116,10,E,"[1.15, 1.2)",3,2,300,1080,66.66666667,360,0,300,0,0,0
1117,10,E,"[1.2, 1.4)",3,0,300,0,0,0,0,300,0,0,0
1118,10,E,"[1.4, 1.6)",3,0,300,0,0,0,0,300,0,0,0
1119,10,E,"[1.6, 1.8)",1,0,100,0,0,0,0,100,0,0,0
1120,10,E,"[1.8, 2.0)",1,0,100,0,0,0,0,100,0,0,0
1121,10,E,"[2.0, 100.0)",4,0,400,0,0,0,0,400,0,0,0
1122,10,F,"[0.0, 0.25)",45,3,4500,2550,6.666666667,56.66666667,1,4500,2270,2.222222222,50.44444444
1123,10,F,"[0.25, 0.5)",121,3,12100,1450,2.479338843,11.98347107,0,12100,0,0,0
1124,10,F,"[0.5, 0.75)",101,8,10100,4110,7.920792079,40.69306931,3,10100,6930,2.97029703,68.61386139
1125,10,F,"[0.75, 0.8)",7,1,700,220,14.28571429,31.42857143,0,700,0,0,0
1126,10,F,"[0.8, 0.85)",14,3,1400,900,21.42857143,64.28571429,0,1400,0,0,0
1127,10,F,"[0.85, 0.9)",3,0,300,0,0,0,0,300,0,0,0
1128,10,F,"[0.9, 0.95)",7,0,700,0,0,0,0,700,0,0,0
1129,10,F,"[0.95, 1.0)",2,0,200,0,0,0,0,200,0,0,0
1130,10,F,"[1.0, 1.05)",3,0,300,0,0,0,0,300,0,0,0
1131,10,F,"[1.05, 1.1)",3,1,300,1030,33.33333333,343.3333333,0,300,0,0,0
1132,10,F,"[1.1, 1.15)",1,0,100,0,0,0,0,100,0,0,0
1133,10,F,"[1.2, 1.4)",3,0,300,0,0,0,0,300,0,0,0
1134,10,F,"[1.4, 1.6)",1,0,100,0,0,0,0,100,0,0,0
1135,10,F,"[2.0, 100.0)",3,1,300,340,33.33333333,113.3333333,0,300,0,0,0
1136,10,G,"[0.0, 0.25)",63,4,6300,5740,6.349206349,91.11111111,1,6300,1440,1.587301587,22.85714286
1137,10,G,"[0.25, 0.5)",85,4,8500,10610,4.705882353,124.8235294,1,8500,33770,1.176470588,397.2941176
1138,10,G,"[0.5, 0.75)",47,3,4700,5830,6.382978723,124.0425532,0,4700,0,0,0
1139,10,G,"[0.75, 0.8)",1,0,100,0,0,0,0,100,0,0,0
1140,10,G,"[0.8, 0.85)",3,0,300,0,0,0,0,300,0,0,0
1141,10,G,"[0.85, 0.9)",1,0,100,0,0,0,0,100,0,0,0
1142,10,G,"[0.9, 0.95)",2,1,200,740,50,370,0,200,0,0,0
1143,10,G,"[0.95, 1.0)",1,0,100,0,0,0,0,100,0,0,0
1144,10,G,"[1.0, 1.05)",1,0,100,0,0,0,0,100,0,0,0
1145,10,G,"[1.05, 1.1)",1,0,100,0,0,0,0,100,0,0,0
1146,10,G,"[1.1, 1.15)",2,0,200,0,0,0,0,200,0,0,0
1147,11,SSS,"[0.75, 0.8)",1,0,100,0,0,0,0,100,0,0,0
1148,11,SSS,"[0.85, 0.9)",2,2,200,200,100,100,2,200,220,100,110
1149,11,SSS,"[0.9, 0.95)",1,1,100,120,100,120,1,100,250,100,250
1150,11,SS,"[0.8, 0.85)",4,2,400,220,50,55,1,400,190,25,47.5
1151,11,SS,"[0.95, 1.0)",1,1,100,110,100,110,1,100,140,100,140
1152,11,S,"[0.5, 0.75)",5,4,500,450,80,90,2,500,400,40,80
1153,11,S,"[0.75, 0.8)",4,3,400,410,75,102.5,1,400,330,25,82.5
1154,11,S,"[0.8, 0.85)",13,10,1300,1100,76.92307692,84.61538462,7,1300,1090,53.84615385,83.84615385
1155,11,S,"[0.85, 0.9)",1,1,100,100,100,100,1,100,110,100,110
1156,11,S,"[0.95, 1.0)",2,1,200,110,50,55,1,200,140,50,70
1157,11,S,"[2.0, 100.0)",2,1,200,110,50,55,0,200,0,0,0
1158,11,AA,"[0.0, 0.25)",2,0,200,0,0,0,0,200,0,0,0
1159,11,AA,"[0.5, 0.75)",1,0,100,0,0,0,0,100,0,0,0
1160,11,AA,"[0.85, 0.9)",1,0,100,0,0,0,0,100,0,0,0
1161,11,A,"[0.25, 0.5)",4,3,400,470,75,117.5,0,400,0,0,0
1162,11,A,"[0.5, 0.75)",11,6,1100,1020,54.54545455,92.72727273,3,1100,1160,27.27272727,105.4545455
1163,11,A,"[0.75, 0.8)",5,3,500,500,60,100,2,500,810,40,162
1164,11,A,"[0.8, 0.85)",4,4,400,640,100,160,3,400,1140,75,285
1165,11,A,"[0.85, 0.9)",2,1,200,150,50,75,1,200,290,50,145
1166,11,A,"[0.9, 0.95)",1,1,100,110,100,110,1,100,150,100,150
1167,11,B,"[0.25, 0.5)",3,2,300,220,66.66666667,73.33333333,0,300,0,0,0
1168,11,B,"[0.5, 0.75)",23,11,2300,1840,47.82608696,80,3,2300,1710,13.04347826,74.34782609
1169,11,B,"[0.75, 0.8)",6,4,600,630,66.66666667,105,2,600,650,33.33333333,108.3333333
1170,11,B,"[0.8, 0.85)",3,1,300,170,33.33333333,56.66666667,0,300,0,0,0
1171,11,C,"[0.25, 0.5)",11,3,1100,320,27.27272727,29.09090909,1,1100,510,9.090909091,46.36363636
1172,11,C,"[0.5, 0.75)",34,14,3400,3080,41.17647059,90.58823529,3,3400,2170,8.823529412,63.82352941
1173,11,C,"[0.8, 0.85)",1,1,100,150,100,150,0,100,0,0,0
1174,11,C,"[0.85, 0.9)",2,1,200,170,50,85,0,200,0,0,0
1175,11,D,"[0.0, 0.25)",2,0,200,0,0,0,0,200,0,0,0
1176,11,D,"[0.25, 0.5)",11,1,1100,360,9.090909091,32.72727273,0,1100,0,0,0
1177,11,D,"[0.5, 0.75)",37,11,3700,3110,29.72972973,84.05405405,0,3700,0,0,0
1178,11,D,"[0.75, 0.8)",1,0,100,0,0,0,0,100,0,0,0
1179,11,D,"[0.8, 0.85)",4,0,400,0,0,0,0,400,0,0,0
1180,11,D,"[0.85, 0.9)",1,0,100,0,0,0,0,100,0,0,0
1181,11,D,"[0.9, 0.95)",2,0,200,0,0,0,0,200,0,0,0
1182,11,D,"[0.95, 1.0)",1,0,100,0,0,0,0,100,0,0,0
1183,11,E,"[0.0, 0.25)",4,0,400,0,0,0,0,400,0,0,0
1184,11,E,"[0.25, 0.5)",23,3,2300,980,13.04347826,42.60869565,0,2300,0,0,0
1185,11,E,"[0.5, 0.75)",45,3,4500,1460,6.666666667,32.44444444,0,4500,0,0,0
1186,11,E,"[0.75, 0.8)",6,1,600,290,16.66666667,48.33333333,0,600,0,0,0
1187,11,E,"[0.8, 0.85)",6,1,600,290,16.66666667,48.33333333,1,600,1350,16.66666667,225
1188,11,E,"[0.85, 0.9)",4,2,400,1020,50,255,0,400,0,0,0
1189,11,E,"[0.9, 0.95)",3,1,300,350,33.33333333,116.6666667,0,300,0,0,0
1190,11,E,"[0.95, 1.0)",5,0,500,0,0,0,0,500,0,0,0
1191,11,E,"[1.0, 1.05)",1,0,100,0,0,0,0,100,0,0,0
1192,11,E,"[1.1, 1.15)",1,0,100,0,0,0,0,100,0,0,0
1193,11,F,"[0.0, 0.25)",15,0,1500,0,0,0,0,1500,0,0,0
1194,11,F,"[0.25, 0.5)",37,3,3700,1690,8.108108108,45.67567568,1,3700,5010,2.702702703,135.4054054
1195,11,F,"[0.5, 0.75)",33,4,3300,6140,12.12121212,186.0606061,0,3300,0,0,0
1196,11,F,"[0.75, 0.8)",1,0,100,0,0,0,0,100,0,0,0
1197,11,F,"[0.8, 0.85)",2,1,200,710,50,355,0,200,0,0,0
1198,11,F,"[0.9, 0.95)",2,0,200,0,0,0,0,200,0,0,0
1199,11,F,"[0.95, 1.0)",2,1,200,220,50,110,1,200,680,50,340
1200,11,F,"[1.0, 1.05)",1,0,100,0,0,0,0,100,0,0,0
1201,11,F,"[1.05, 1.1)",1,1,100,610,100,610,1,100,1960,100,1960
1202,11,G,"[0.0, 0.25)",15,0,1500,0,0,0,0,1500,0,0,0
1203,11,G,"[0.25, 0.5)",24,0,2400,0,0,0,0,2400,0,0,0
1204,11,G,"[0.5, 0.75)",11,0,1100,0,0,0,0,1100,0,0,0
1205,11,G,"[0.8, 0.85)",1,0,100,0,0,0,0,100,0,0,0
1206,12,SSS,"[0.8, 0.85)",1,1,100,100,100,100,1,100,110,100,110
1207,12,SSS,"[0.85, 0.9)",1,1,100,100,100,100,1,100,110,100,110
1208,12,SSS,"[2.0, 100.0)",1,1,100,100,100,100,1,100,110,100,110
1209,12,SS,"[0.8, 0.85)",3,3,300,340,100,113.3333333,1,300,260,33.33333333,86.66666667
1210,12,SS,"[0.9, 0.95)",1,1,100,100,100,100,1,100,130,100,130
1211,12,SS,"[0.95, 1.0)",1,1,100,110,100,110,1,100,140,100,140
1212,12,S,"[0.0, 0.25)",3,0,300,0,0,0,0,300,0,0,0
1213,12,S,"[0.5, 0.75)",15,14,1500,1620,93.33333333,108,7,1500,1710,46.66666667,114
1214,12,S,"[0.75, 0.8)",8,6,800,760,75,95,5,800,1270,62.5,158.75
1215,12,S,"[0.8, 0.85)",8,4,800,420,50,52.5,1,800,110,12.5,13.75
1216,12,S,"[0.85, 0.9)",1,1,100,110,100,110,1,100,110,100,110
1217,12,S,"[0.95, 1.0)",1,1,100,110,100,110,0,100,0,0,0
1218,12,S,"[1.1, 1.15)",1,0,100,0,0,0,0,100,0,0,0
1219,12,S,"[2.0, 100.0)",1,1,100,110,100,110,0,100,0,0,0
1220,12,AA,"[0.25, 0.5)",2,0,200,0,0,0,0,200,0,0,0
1221,12,AA,"[0.5, 0.75)",6,4,600,460,66.66666667,76.66666667,0,600,0,0,0
1222,12,AA,"[0.75, 0.8)",5,3,500,340,60,68,2,500,460,40,92
1223,12,AA,"[0.85, 0.9)",5,4,500,480,80,96,1,500,240,20,48
1224,12,AA,"[2.0, 100.0)",1,1,100,110,100,110,1,100,130,100,130
1225,12,A,"[0.0, 0.25)",1,0,100,0,0,0,0,100,0,0,0
1226,12,A,"[0.25, 0.5)",6,1,600,100,16.66666667,16.66666667,0,600,0,0,0
1227,12,A,"[0.5, 0.75)",14,11,1400,2020,78.57142857,144.2857143,6,1400,2070,42.85714286,147.8571429
1228,12,A,"[0.75, 0.8)",7,3,700,500,42.85714286,71.42857143,2,700,970,28.57142857,138.5714286
1229,12,A,"[0.8, 0.85)",9,8,900,1050,88.88888889,116.6666667,4,900,870,44.44444444,96.66666667
1230,12,A,"[0.85, 0.9)",3,1,300,140,33.33333333,46.66666667,1,300,240,33.33333333,80
1231,12,A,"[0.9, 0.95)",1,1,100,110,100,110,1,100,160,100,160
1232,12,A,"[1.05, 1.1)",1,0,100,0,0,0,0,100,0,0,0
1233,12,A,"[1.2, 1.4)",1,1,100,780,100,780,0,100,0,0,0
1234,12,A,"[1.6, 1.8)",1,1,100,130,100,130,1,100,300,100,300
1235,12,A,"[2.0, 100.0)",2,1,200,200,50,100,1,200,380,50,190
1236,12,B,"[0.0, 0.25)",1,0,100,0,0,0,0,100,0,0,0
1237,12,B,"[0.25, 0.5)",5,2,500,490,40,98,0,500,0,0,0
1238,12,B,"[0.5, 0.75)",15,9,1500,1240,60,82.66666667,2,1500,1120,13.33333333,74.66666667
1239,12,B,"[0.75, 0.8)",4,3,400,470,75,117.5,2,400,700,50,175
1240,12,B,"[0.8, 0.85)",3,2,300,350,66.66666667,116.6666667,2,300,740,66.66666667,246.6666667
1241,12,B,"[0.85, 0.9)",1,0,100,0,0,0,0,100,0,0,0
1242,12,B,"[0.9, 0.95)",2,1,200,160,50,80,1,200,460,50,230
1243,12,B,"[2.0, 100.0)",1,0,100,0,0,0,0,100,0,0,0
1244,12,C,"[0.25, 0.5)",8,2,800,310,25,38.75,0,800,0,0,0
1245,12,C,"[0.5, 0.75)",41,18,4100,3440,43.90243902,83.90243902,6,4100,3410,14.63414634,83.17073171
1246,12,C,"[0.75, 0.8)",8,3,800,610,37.5,76.25,1,800,680,12.5,85
1247,12,C,"[0.8, 0.85)",3,1,300,300,33.33333333,100,0,300,0,0,0
1248,12,C,"[0.85, 0.9)",3,0,300,0,0,0,0,300,0,0,0
1249,12,C,"[0.9, 0.95)",2,0,200,0,0,0,0,200,0,0,0
1250,12,C,"[1.0, 1.05)",1,0,100,0,0,0,0,100,0,0,0
1251,12,C,"[2.0, 100.0)",2,1,200,410,50,205,0,200,0,0,0
1252,12,D,"[0.0, 0.25)",3,1,300,170,33.33333333,56.66666667,0,300,0,0,0
1253,12,D,"[0.25, 0.5)",19,2,1900,2330,10.52631579,122.6315789,0,1900,0,0,0
1254,12,D,"[0.5, 0.75)",40,9,4000,2730,22.5,68.25,1,4000,780,2.5,19.5
1255,12,D,"[0.75, 0.8)",4,2,400,830,50,207.5,0,400,0,0,0
1256,12,D,"[0.8, 0.85)",2,0,200,0,0,0,0,200,0,0,0
1257,12,D,"[0.9, 0.95)",2,1,200,420,50,210,0,200,0,0,0
1258,12,D,"[0.95, 1.0)",1,0,100,0,0,0,0,100,0,0,0
1259,12,D,"[1.15, 1.2)",1,0,100,0,0,0,0,100,0,0,0
1260,12,D,"[1.8, 2.0)",1,0,100,0,0,0,0,100,0,0,0
1261,12,D,"[2.0, 100.0)",2,1,200,180,50,90,1,200,780,50,390
1262,12,E,"[0.0, 0.25)",11,2,1100,1080,18.18181818,98.18181818,0,1100,0,0,0
1263,12,E,"[0.25, 0.5)",29,3,2900,850,10.34482759,29.31034483,0,2900,0,0,0
1264,12,E,"[0.5, 0.75)",51,3,5100,1740,5.882352941,34.11764706,0,5100,0,0,0
1265,12,E,"[0.75, 0.8)",9,1,900,330,11.11111111,36.66666667,0,900,0,0,0
1266,12,E,"[0.8, 0.85)",5,1,500,1370,20,274,0,500,0,0,0
1267,12,E,"[0.85, 0.9)",4,0,400,0,0,0,0,400,0,0,0
1268,12,E,"[0.9, 0.95)",3,1,300,510,33.33333333,170,0,300,0,0,0
1269,12,E,"[0.95, 1.0)",6,3,600,1130,50,188.3333333,0,600,0,0,0
1270,12,E,"[1.0, 1.05)",2,0,200,0,0,0,0,200,0,0,0
1271,12,E,"[1.05, 1.1)",2,0,200,0,0,0,0,200,0,0,0
1272,12,E,"[1.15, 1.2)",3,0,300,0,0,0,0,300,0,0,0
1273,12,E,"[1.2, 1.4)",5,0,500,0,0,0,0,500,0,0,0
1274,12,E,"[1.8, 2.0)",1,0,100,0,0,0,0,100,0,0,0
1275,12,E,"[2.0, 100.0)",2,1,200,1000,50,500,0,200,0,0,0
1276,12,F,"[0.0, 0.25)",29,4,2900,4920,13.79310345,169.6551724,0,2900,0,0,0
1277,12,F,"[0.25, 0.5)",65,3,6500,2620,4.615384615,40.30769231,0,6500,0,0,0
1278,12,F,"[0.5, 0.75)",51,5,5100,2630,9.803921569,51.56862745,1,5100,3700,1.960784314,72.54901961
1279,12,F,"[0.75, 0.8)",4,0,400,0,0,0,0,400,0,0,0
1280,12,F,"[0.8, 0.85)",3,0,300,0,0,0,0,300,0,0,0
1281,12,F,"[0.85, 0.9)",6,0,600,0,0,0,0,600,0,0,0
1282,12,F,"[0.9, 0.95)",1,0,100,0,0,0,0,100,0,0,0
1283,12,F,"[0.95, 1.0)",1,0,100,0,0,0,0,100,0,0,0
1284,12,F,"[1.0, 1.05)",1,0,100,0,0,0,0,100,0,0,0
1285,12,F,"[1.05, 1.1)",2,0,200,0,0,0,0,200,0,0,0
1286,12,F,"[1.2, 1.4)",1,0,100,0,0,0,0,100,0,0,0
1287,12,F,"[1.4, 1.6)",2,0,200,0,0,0,0,200,0,0,0
1288,12,F,"[1.8, 2.0)",1,0,100,0,0,0,0,100,0,0,0
1289,12,G,"[0.0, 0.25)",28,1,2800,730,3.571428571,26.07142857,0,2800,0,0,0
1290,12,G,"[0.25, 0.5)",50,2,5000,2960,4,59.2,0,5000,0,0,0
1291,12,G,"[0.5, 0.75)",21,1,2100,880,4.761904762,41.9047619,0,2100,0,0,0
1292,12,G,"[0.75, 0.8)",1,0,100,0,0,0,0,100,0,0,0
1293,12,G,"[0.8, 0.85)",2,0,200,0,0,0,0,200,0,0,0
1294,12,G,"[0.95, 1.0)",1,0,100,0,0,0,0,100,0,0,0
1295,12,G,"[1.05, 1.1)",1,0,100,0,0,0,0,100,0,0,0
1296,12,G,"[1.1, 1.15)",1,0,100,0,0,0,0,100,0,0,0
1297,12,G,"[1.15, 1.2)",1,0,100,0,0,0,0,100,0,0,0
1298,12,G,"[1.2, 1.4)",1,0,100,0,0,0,0,100,0,0,0
1299,13,SSS,"[0.85, 0.9)",3,3,300,310,100,103.3333333,2,300,370,66.66666667,123.3333333
1300,13,SS,"[0.5, 0.75)",1,1,100,120,100,120,0,100,0,0,0
1301,13,SS,"[0.8, 0.85)",2,2,200,220,100,110,0,200,0,0,0
1302,13,SS,"[0.9, 0.95)",1,1,100,110,100,110,1,100,130,100,130
1303,13,S,"[0.5, 0.75)",18,14,1800,1610,77.77777778,89.44444444,6,1800,1440,33.33333333,80
1304,13,S,"[0.75, 0.8)",2,2,200,230,100,115,1,200,150,50,75
1305,13,S,"[0.8, 0.85)",7,5,700,540,71.42857143,77.14285714,3,700,500,42.85714286,71.42857143
1306,13,AA,"[0.5, 0.75)",5,3,500,480,60,96,1,500,270,20,54
1307,13,AA,"[0.75, 0.8)",1,1,100,110,100,110,1,100,280,100,280
1308,13,AA,"[0.8, 0.85)",1,1,100,120,100,120,1,100,180,100,180
1309,13,AA,"[0.85, 0.9)",3,3,300,350,100,116.6666667,3,300,560,100,186.6666667
1310,13,AA,"[2.0, 100.0)",1,1,100,140,100,140,0,100,0,0,0
1311,13,A,"[0.25, 0.5)",1,0,100,0,0,0,0,100,0,0,0
1312,13,A,"[0.5, 0.75)",30,25,3000,3100,83.33333333,103.3333333,9,3000,2860,30,95.33333333
1313,13,A,"[0.75, 0.8)",3,2,300,300,66.66666667,100,1,300,390,33.33333333,130
1314,13,A,"[0.8, 0.85)",3,2,300,260,66.66666667,86.66666667,0,300,0,0,0
1315,13,A,"[0.9, 0.95)",2,2,200,230,100,115,1,200,170,50,85
1316,13,A,"[1.05, 1.1)",1,1,100,140,100,140,0,100,0,0,0
1317,13,B,"[0.0, 0.25)",1,0,100,0,0,0,0,100,0,0,0
1318,13,B,"[0.25, 0.5)",5,0,500,0,0,0,0,500,0,0,0
1319,13,B,"[0.5, 0.75)",19,11,1900,1410,57.89473684,74.21052632,3,1900,1450,15.78947368,76.31578947
1320,13,B,"[0.75, 0.8)",1,1,100,120,100,120,0,100,0,0,0
1321,13,B,"[0.8, 0.85)",3,3,300,450,100,150,2,300,840,66.66666667,280
1322,13,B,"[0.85, 0.9)",1,1,100,110,100,110,0,100,0,0,0
1323,13,B,"[0.95, 1.0)",1,1,100,150,100,150,1,100,280,100,280
1324,13,C,"[0.0, 0.25)",1,0,100,0,0,0,0,100,0,0,0
1325,13,C,"[0.25, 0.5)",8,1,800,110,12.5,13.75,0,800,0,0,0
1326,13,C,"[0.5, 0.75)",32,10,3200,1760,31.25,55,2,3200,940,6.25,29.375
1327,13,C,"[0.75, 0.8)",3,1,300,230,33.33333333,76.66666667,0,300,0,0,0
1328,13,C,"[2.0, 100.0)",2,0,200,0,0,0,0,200,0,0,0
1329,13,D,"[0.25, 0.5)",11,0,1100,0,0,0,0,1100,0,0,0
1330,13,D,"[0.5, 0.75)",33,5,3300,2410,15.15151515,73.03030303,0,3300,0,0,0
1331,13,D,"[0.75, 0.8)",2,0,200,0,0,0,0,200,0,0,0
1332,13,D,"[0.8, 0.85)",3,1,300,400,33.33333333,133.3333333,1,300,1810,33.33333333,603.3333333
1333,13,D,"[0.85, 0.9)",1,0,100,0,0,0,0,100,0,0,0
1334,13,D,"[0.95, 1.0)",1,0,100,0,0,0,0,100,0,0,0
1335,13,D,"[2.0, 100.0)",1,0,100,0,0,0,0,100,0,0,0
1336,13,E,"[0.25, 0.5)",31,3,3100,900,9.677419355,29.03225806,0,3100,0,0,0
1337,13,E,"[0.5, 0.75)",39,9,3900,3430,23.07692308,87.94871795,3,3900,5640,7.692307692,144.6153846
1338,13,E,"[0.75, 0.8)",4,0,400,0,0,0,0,400,0,0,0
1339,13,E,"[0.8, 0.85)",5,0,500,0,0,0,0,500,0,0,0
1340,13,E,"[0.85, 0.9)",2,0,200,0,0,0,0,200,0,0,0
1341,13,E,"[1.0, 1.05)",2,0,200,0,0,0,0,200,0,0,0
1342,13,E,"[1.1, 1.15)",2,0,200,0,0,0,0,200,0,0,0
1343,13,E,"[1.2, 1.4)",1,0,100,0,0,0,0,100,0,0,0
1344,13,E,"[2.0, 100.0)",2,0,200,0,0,0,0,200,0,0,0
1345,13,F,"[0.0, 0.25)",23,1,2300,190,4.347826087,8.260869565,0,2300,0,0,0
1346,13,F,"[0.25, 0.5)",35,1,3500,330,2.857142857,9.428571429,0,3500,0,0,0
1347,13,F,"[0.5, 0.75)",23,2,2300,820,8.695652174,35.65217391,1,2300,2330,4.347826087,101.3043478
1348,13,F,"[0.75, 0.8)",3,0,300,0,0,0,0,300,0,0,0
1349,13,F,"[0.8, 0.85)",1,0,100,0,0,0,0,100,0,0,0
1350,13,F,"[0.85, 0.9)",3,0,300,0,0,0,0,300,0,0,0
1351,13,F,"[0.95, 1.0)",2,0,200,0,0,0,0,200,0,0,0
1352,13,F,"[1.15, 1.2)",1,0,100,0,0,0,0,100,0,0,0
1353,13,G,"[0.0, 0.25)",22,1,2200,850,4.545454545,38.63636364,0,2200,0,0,0
1354,13,G,"[0.25, 0.5)",24,0,2400,0,0,0,0,2400,0,0,0
1355,13,G,"[0.5, 0.75)",7,0,700,0,0,0,0,700,0,0,0
